drug,outcome,journal,month,n_articles,n_outlets,example_titles,example_urls,picked,paper_doi,notes
ADHD약,ADHD,JAMA,2026-01,28,27,"[메디칼업저버] 소아기 ADHD 진단·치료 경험, 성인기 비만·키 연관성 규명돼 || [www.ikunkang.com] 서울대병원, 소아기 ADHD 진단·치료 경험이 성인기 비만과 연관 || [www.bokuennews.com] 소아 ADHD 진단 경험, 성인기 비만 위험 1.5배 높인다 || [www.sentv.co.kr] ""살이 왜이렇게 찌지""… ADHD 소아, 비만 위험 커",https://www.medipana.com/news/articleView.html?idxno=405664 http://www.doctorstimes.com/news/articleView.html?idxno=236431 https://www.khan.co.kr/article/202601212040005 https://www.ikunkang.com/news/articleView.html?idxno=50383,,,
세마글루타이드,당뇨,Neurology,2026-07,27,26,"[뉴데일리] 위고비, '제2의 비아그라' 되나 … 세마글루타이드 투여군, 성인발작 위... || [SBS] '위고비'가 뇌 건강 보호?…서울대병원 연구팀 뜻밖 결론 || [연합뉴스] '위고비'가 뇌 건강도 보호?…""성인 발작 위험 낮춘다"" || [하이닥] 비만치료제 위고비 속 '세마글루타이드', 성인 발작 위험 최대 56% 낮춰",https://www.newsis.com/view/NISX20260723_0003720190 https://news.hidoc.co.kr/news/articleView.html?idxno=65523 https://www.joongang.co.kr/article/25447556 http://www.doctorstimes.com/news/articleView.html?idxno=239171,,,
메트포르민,당뇨,Gut,2025-11,20,20,"[파이낸셜뉴스] ""당뇨약, 파킨슨병 진행도 막는다"" || [서울경제] 매일 먹는 당뇨약이 파킨슨병 진행 막는다…‘DPP-4 억제제’ 새 가능성 || [연합뉴스] ""흔히 먹는 당뇨약이 파킨슨병 진행 막는다"" || [www.bokuennews.com] 당뇨약, 파킨슨병 진행 막는다",https://www.getnews.co.kr/news/articleView.html?idxno=847502 https://www.sentv.co.kr/article/view/sentv202511040170 https://www.monews.co.kr/news/articleView.html?idxno=407346 http://www.kmedinfo.co.kr/news/articleView.html?idxno=92926,,,
GLP-1,당뇨,Neurology,2026-07,18,17,"[digitalchosun.dizzo.com] GLP-1 계열 세마글루타이드, 비만·당뇨 치료 넘어 발작 예방 가능성 제... || [경향신문] 당뇨·비만 치료제 ‘이 성분’, 뇌 손상 관련 발작 위험도 낮추는 효과 || [www.mkhealth.co.kr] 당뇨·비만 치료제 '세마글루타이드' ""뇌 건강 보호 가능성 있다"" || [medicalworldnews.co.kr] 당뇨·비만 치료제‘세마글루타이드’성인발병 발작 위험 감소·뇌건강...",https://medicalworldnews.co.kr/news/view.php?idx=1510976118 https://www.sportschosun.com/life/2026-07-23/202607230100140180008926 http://www.fnnews.com/news/202607231820104622 https://www.news1.kr/bio/pharmaceutical-bio/6236437,,,
항우울제,우울,Science,2026-09,16,16,"[뉴시스] ""자폐 원인 유전자 1200개라더니""…뇌에서는 두 갈래로 모였다 || [서울경제] 자폐 맞춤 치료 길 열리나…약물 반응 가르는 단서 찾았다 || [아시아경제] 자폐 유전자 1200개 넘어도…뇌 속 변화는 두 갈래로 모였다[과학을읽다... || [파이낸셜뉴스] 자폐 분자 특성 밝혔다...맞춤치료 기대",https://www.dnews.co.kr/uhtml/view.jsp?idxno=202609171139552430485 https://www.mt.co.kr/tech/2026/09/18/2026091808000572019 https://biz.heraldcorp.com/article/10877617?ref=naver https://biz.chosun.com/science-chosun/science/2026/09/18/NT4CUSDYPBALXIZEMCVAU4HZOA,,,
항우울제,자폐,Science,2026-09,16,16,"[뉴시스] ""자폐 원인 유전자 1200개라더니""…뇌에서는 두 갈래로 모였다 || [서울경제] 자폐 맞춤 치료 길 열리나…약물 반응 가르는 단서 찾았다 || [아시아경제] 자폐 유전자 1200개 넘어도…뇌 속 변화는 두 갈래로 모였다[과학을읽다... || [파이낸셜뉴스] 자폐 분자 특성 밝혔다...맞춤치료 기대",https://www.dnews.co.kr/uhtml/view.jsp?idxno=202609171139552430485 https://www.mt.co.kr/tech/2026/09/18/2026091808000572019 https://biz.heraldcorp.com/article/10877617?ref=naver https://biz.chosun.com/science-chosun/science/2026/09/18/NT4CUSDYPBALXIZEMCVAU4HZOA,,,
항우울제,인지,JAMA,2023-08,15,15,"[www.newsmp.com] 마이크로니들 고주파 장비 피부 노화 개선 효과 입증 外 || [www.brainmedia.co.kr] 항우울제 치료 반응하는 우울증 청소년, 신경세포 회복 가능성 ↑ || [www.bokuennews.com] 항우울제 치료 반응하는 우울증 청소년, 신경 세포 회복 가능성↑ || [www.whosaeng.com] 항우울제 치료 반응 우울증 청소년, 신경 세포 회복 가능성 증가",http://www.healthinnews.co.kr/news/articleView.html?idxno=39954 https://health.chosun.com/site/data/html_dir/2023/08/22/2023082201209.html http://www.bokuennews.com/news/article.html?no=232773 https://www.sportschosun.com/ext/2023-08-23/202308240100168340021394,,,
벤조디아제핀,자폐,Science,2026-09,15,15,"[뉴시스] ""자폐 원인 유전자 1200개라더니""…뇌에서는 두 갈래로 모였다 || [서울경제] 자폐 맞춤 치료 길 열리나…약물 반응 가르는 단서 찾았다 || [아시아경제] 자폐 유전자 1200개 넘어도…뇌 속 변화는 두 갈래로 모였다[과학을읽다... || [파이낸셜뉴스] 자폐 분자 특성 밝혔다...맞춤치료 기대",https://www.dnews.co.kr/uhtml/view.jsp?idxno=202609171139552430485 https://www.mt.co.kr/tech/2026/09/18/2026091808000572019 https://biz.heraldcorp.com/article/10877617?ref=naver https://biz.chosun.com/science-chosun/science/2026/09/18/NT4CUSDYPBALXIZEMCVAU4HZOA,,,
항우울제,우울,JAMA,2023-08,14,14,"[www.brainmedia.co.kr] 항우울제 치료 반응하는 우울증 청소년, 신경세포 회복 가능성 ↑ || [www.bokuennews.com] 항우울제 치료 반응하는 우울증 청소년, 신경 세포 회복 가능성↑ || [www.whosaeng.com] 항우울제 치료 반응 우울증 청소년, 신경 세포 회복 가능성 증가 || [www.sportschosun.com] ""항우울제 치료 반응 우울증 청소년, 신경 세포 회복 가능성 높아""",http://www.healthinnews.co.kr/news/articleView.html?idxno=39954 https://health.chosun.com/site/data/html_dir/2023/08/22/2023082201209.html http://www.bokuennews.com/news/article.html?no=232773 https://www.sportschosun.com/ext/2023-08-23/202308240100168340021394,,,
아스피린,심장,NEJM,2026-09,13,13,"[경향신문] 세브란스 심장내과 연구진, ‘NEJM’에 논문 4편 잇따라 게재 || [메디컬투데이] 세브란스 심장혈관병원 심장내과 교수진, NEJM에 연구 논문 4편 게재 || [헬스조선] 세브란스 심장내과, 9개월간 NEJM에 논문 4편 게재… “드문 성과” || [청년의사] 세브란스병원 심장내과, 9개월 새 논문 4편 NEJM 게재",http://www.docdocdoc.co.kr/news/articleView.html?idxno=3043175 https://www.seoul.co.kr/news/society/health-welfare/2026/09/30/20260930500111?wlog_tag3=naver https://www.mdtoday.co.kr/news/articleView.html?idxno=616907 https://www.khan.co.kr/article/202609301516001,,,
졸피뎀,간,Science,2025-08,13,13,"[뉴시스] 불면증 환자 증가…""코로나 기간엔 수면제 처방 더 늘어"" || [www.rapportian.com] 코로나19 팬데믹 기간 국내 불면증 환자 수면제 사용 크게 늘어 || [헬스경향] 팬데믹기간 불면증환자 수면제 처방량 '쑥↑'…여성·젊은층·고령층서... || [www.sportschosun.com] ""코로나 팬데믹 기간, 국내 불면증 환자 수면제 사용 증가""",http://www.k-health.com/news/articleView.html?idxno=84527 http://www.ggmedinews.com/news/articleView.html?idxno=5788 https://www.yna.co.kr/view/AKR20250829070100530?input=1195m https://www.hankyung.com/article/2025082905817,,,
경구피임약,암,JAMA,2026-02,12,12,"[www.kihoilbo.co.kr] 인구구조-난소암 관계 추적, 세계 학계 주목 || [www.gukjenews.com] 의정부성모병원 산부인과 김진휘 교수팀,228만 명 빅데이터로 본 난소암... || [www.kizmom.com] 초경 빠르면 난소암 위험↑…출산·모유수유는 보호 효과 || [헬스경향] 저출산·고령화시대…난소암 위험지도도 바뀐다",https://www.gukjenews.com/news/articleView.html?idxno=3506189 http://www.k-health.com/news/articleView.html?idxno=89950 https://www.yna.co.kr/view/AKR20260213101600060?input=1195m https://www.ilyoseoul.co.kr/news/articleView.html?idxno=513159,,,
메트포르민,알츠하이머,Gut,2025-11,10,10,"[파이낸셜뉴스] ""당뇨약, 파킨슨병 진행도 막는다"" || [www.bokuennews.com] 당뇨약, 파킨슨병 진행 막는다 || [이데일리] 당뇨약, 파킨슨병 진행 막는다 || [www.rapportian.com] 당뇨약, 파킨슨병 진행 억제·예방 효과 가능성 확인",http://www.edaily.co.kr/news/newspath.asp?newsid=04851126642362768 https://view.asiae.co.kr/article/2025110411123713171 http://www.ikunkang.com/news/articleView.html?idxno=42918 https://www.rapportian.com/news/articleView.html?idxno=228263,,,
벤조디아제핀,간,Science,2025-08,10,10,"[헬스조선] 수면제 없이 잠 못 드는 젊은층… 그 이유는? || [www.rapportian.com] 코로나19 팬데믹 기간 국내 불면증 환자 수면제 사용 크게 늘어 || [헬스경향] 팬데믹기간 불면증환자 수면제 처방량 '쑥↑'…여성·젊은층·고령층서... || [뉴시스] 불면증 환자 증가…""코로나 기간엔 수면제 처방 더 늘어""",http://www.k-health.com/news/articleView.html?idxno=84527 https://www.hankyung.com/article/2025082905817 https://www.yna.co.kr/view/AKR20250829070100530?input=1195m https://www.rapportian.com/news/articleView.html?idxno=225504,,,
아스피린,간,NEJM,2026-09,9,9,"[헬스조선] 세브란스 심장내과, 9개월간 NEJM에 논문 4편 게재… “드문 성과” || [메디파나뉴스] 세브란스 심장내과, 9개월간 'NEJM' 논문 4편 게재 || [www.sentv.co.kr] 세브란스 심장혈관병원, ‘NEJM’에 9개월간 논문 4편 게재 || [www.whosaeng.com] 세브란스 심장내과, NEJM에 9개월간 논문 4편 잇따라 게재",https://www.seoul.co.kr/news/society/health-welfare/2026/09/30/20260930500111?wlog_tag3=naver https://www.mdtoday.co.kr/news/articleView.html?idxno=616907 http://www.whosaeng.com/174061 http://www.doctorstimes.com/news/articleView.html?idxno=240209,,,
벤조디아제핀,우울,Science,2025-08,9,9,"[www.whosaeng.com] 코로나19 팬데믹, 국내 불면증 환자 수면제 사용 증가시켰다 || [의학신문] 코로나19 팬데믹, 국내 불면증 환자 수면제 사용 증가시켜 || [아시아경제] 수면제 처방 12년새 처방 4배↑…코로나 시기 20대서 많아 || [www.dt.co.kr] 서울대병원 연구진 “수면제 처방 12년간 4배 늘어”",http://www.newsmp.com/news/articleView.html?idxno=248491 https://www.hankyung.com/article/2025082905817 https://www.yna.co.kr/view/AKR20250829070100530?input=1195m https://view.asiae.co.kr/article/2025082917484200670,,,
아세트아미노펜,자폐,The Lancet,2026-01,7,7,"[www.joseilbo.com] 랜싯 연구 ""임신 중 타이레놀, 자폐 연관성 없다""…트럼프 주장 반박 || [중앙일보] ""임신 중 타이레놀, 안전하다""…최신 연구서 트럼프 주장 반박 || [www.yonhapnewstv.co.kr] ""임신 중 타이레놀 안전""...트럼프 '자폐 유발설' 반박 || [의협신문] 트럼프 '타이레놀→자폐증' 발언, 국제 연구 결과로 '종결'",http://www.edaily.co.kr/news/newspath.asp?newsid=01915526645319032 http://www.joseilbo.com/news/news_read.php?uid=560999&class=42&grp= https://www.etoday.co.kr/news/view/2546984 http://www.doctorsnews.co.kr/news/articleView.html?idxno=163051,,,
스타틴,심근경색,NEJM,2026-03,7,7,"[www.kmedinfo.co.kr] LDL 콜레스테롤 '55mg/dL 미만' 전략, 심혈관 사건 30% 줄였다 || [헬스조선] LDL 콜레스테롤 ‘이만큼’ 낮춰야 심근경색 위험 30% 감소 || [www.rapportian.com] LDL 콜레스테롤 55mg/dL 미만 목표 치료, 심혈관 위험 감소 확인 || [의학신문] LDL 콜레스테롤 목표치 55mg/dL 미만으로 낮춰야",https://www.bosa.co.kr/news/articleView.html?idxno=3001835 https://biz.heraldcorp.com/article/10705190?ref=naver https://www.sportschosun.com/life/2026-03-30/202603300100203230014123 https://www.rapportian.com/news/articleView.html?idxno=234078,,,
항생제,암,The Lancet,2026-09,7,7,"[www.newsfreezone.co.kr] 고대안암병원, 국내 항생제 내성 병원체 대응 우선순위 첫 제시 || [weekly.hankooki.com] 고려대 안암병원 연구팀, 항생제 내성 병원체 대응 우선순위 제시 || [데일리메디] ﻿항생제 내성 병원체 위험도 '우선 순위' 첫 제시 || [www.rapportian.com] 고대안암병원 교수팀, 국내 항생제 내성 병원체 대응 우선순위 제시",https://www.newsfreezone.co.kr/news/articleView.html?idxno=708267 http://www.doctorstimes.com/news/articleView.html?idxno=239963 https://www.dailymedi.com/news/news_view.php?wr_id=940296 https://www.rapportian.com/news/articleView.html?idxno=240089,,,
스테로이드,간,JAMA,2026-07,7,7,"[www.kmedinfo.co.kr] 비용종 동반 만성 비부비동염, 먹는 스테로이드 연 1g 넘으면 부작용 증... || [www.whosaeng.com] 비용종성 만성 비부비동염, 먹는 스테로이드 연간 사용량 기준 제시 || [www.ikunkang.com] 비용종성 만성 비부비동염, 먹는 스테로이드 연간 90일·1g 넘으면 부작... || [medicalworldnews.co.kr] 비용종성 만성 비부비동염, 먹는 스테로이드 연간 사용량 기준 제시…스...",http://www.kmedinfo.co.kr/news/articleView.html?idxno=96870 https://www.edaily.co.kr/news/newspath.asp?newsid=03503046645517144 https://www.monews.co.kr/news/articleView.html?idxno=412768 https://medicalworldnews.co.kr/news/view.php?idx=1510976087,,,
세마글루타이드,암,Nature,2026-09,6,6,"[www.sentv.co.kr] 위고비 성분 ‘GLP-1’, 생쥐 수명 92일 늘렸다 || [뉴시스] ""위고비 맞으면 9년 더 산다고?""…美 연구진이 새로 발견 효과 || [파이낸셜뉴스] ""위고비 맞으면 10년 더 산다?""…근력·기억력까지 좋아진다는 '뜻밖의... || [하이닥] ""'위고비' 성분 세마글루티드, 노화도 늦춘다""... 쥐 실험서 수명12%↑",https://www.insight.co.kr/news/571748 https://www.fnnews.com/news/202609080836268831 https://www.sentv.co.kr/article/view/sentv202609030035 https://www.newsis.com/view/NISX20260907_0003779243,,,
세마글루타이드,간,Nature,2026-09,6,6,"[문화일보] 살만 빠지는 게 아냐…위고비 맞으면 10년 더 산다 || [뉴시스] ""위고비 맞으면 9년 더 산다고?""…美 연구진이 새로 발견 효과 || [매일경제] “머릿속에 뇌가 두 개였다고?”…수억 년 전 합쳐진 인간 뇌의 비밀 || [인사이트] 당뇨·비만 넘어 노화약 되나... 세마글루타이드 투여한 쥐, 수명 12% ↑",https://www.insight.co.kr/news/571748 https://www.mk.co.kr/article/12161612 https://www.g-enews.com/view.php?ud=2026090308011676fda4f5ab74_1 https://www.newsis.com/view/NISX20260907_0003779243,,,
GLP-1,간,The Lancet,2026-07,6,6,"[아시아경제] 디앤디파마텍, '자보페그두타이드 초기 임상결과' 란셋 게재 || [머니투데이] 디앤디파마텍, 'DD01' 초기 임상결과 '란셋' 게재…""글로벌 신뢰 강화"" || [www.biotimes.co.kr] 디앤디파마텍, MASH 치료제 자보페그두타이드 초기 임상결과 '란셋' 게재 || [메디컬투데이] 디앤디파마텍, MASH 치료제 란셋 게재",https://www.biotimes.co.kr/news/articleView.html?idxno=33307 https://www.sentv.co.kr/article/view/sentv202607220041 https://www.mt.co.kr/thebio/2026/07/22/2026072208113436297 https://www.mdtoday.co.kr/news/articleView.html?idxno=605666,,,
PPI,사망,Gut,2026-07,6,6,"[www.doctorstimes.com] 분당서울대병원·가톨릭의대·한림의대 연구팀, 소화성궤양, 남성에게 ... || [www.medical-tribune.co.kr] 소화성궤양, 고령 여성서 더 위험...사망률 남성 추월 || [www.ikunkang.com] 소화성궤양, 고령 여성서 더 위험… ""성별·폐경 반영한 진료지침 필요... || [www.kmedinfo.co.kr] 소화성궤양의 반전, '고령·여성'서 위험 더 커",http://www.doctorstimes.com/news/articleView.html?idxno=239152 https://www.thepowernews.co.kr/view.php?ud=20260722101023222de3f0aa1be_7 http://www.kmedinfo.co.kr/news/articleView.html?idxno=96864 http://www.medical-tribune.co.kr/news/articleView.html?idxno=214579,,,
메트포르민,당뇨,The Lancet,2013-08,6,6,"[이데일리] 新 당뇨약 카나글리플로진 효능 입증 || [청년의사] “당뇨약 ‘카나글리플로진’ 효과 입증” || [www.etoday.co.kr] 서울성모 연구팀, 새로운 당뇨약 ‘카나글리플로진’ 효능 입증 || [조선일보] 신 당뇨약 카나글리플로진 효능 입증",http://www.docdocdoc.co.kr/news/newsview.php?newscd=2013081300011 http://www.etoday.co.kr/news/section/newsview.php?idxno=776533 http://www.edaily.co.kr/news/newspath.asp?newsid=01453046602907320 http://sports.chosun.com/news/ntype.htm?id=201308130100106140007905&servicedate=20130813,,,
벤조디아제핀,우울,Science,2026-09,6,6,"[뉴시스] ""자폐 원인 유전자 1200개라더니""…뇌에서는 두 갈래로 모였다 || [아시아경제] 자폐 유전자 1200개 넘어도…뇌 속 변화는 두 갈래로 모였다[과학을읽다... || [파이낸셜뉴스] 자폐 분자 특성 밝혔다...맞춤치료 기대 || [경향신문] 자폐 스펙트럼 특징은 두 갈래…체계적 치료 실마리 찾았다",https://www.viva100.com/article/20260918500120 https://view.asiae.co.kr/article/2026091710455789808 https://www.fnnews.com/news/202609170934339407 http://www.chungnamilbo.co.kr/news/articleView.html?idxno=910451,,,
경구피임약,간,Nature,2023-02,6,6,"[한국경제] 3시간 동안 정자 '기절'…남성용 먹는 피임약 나오나 || [뉴스1] 美 연구팀, 남성용 먹는 피임약 개발…1회 복용에 2.5시간 작용 || [www.seoulwire.com] 복용 시 정자 3시간 기절… 초간편 남성피임약 개발 || [문화일보] ‘정자를 기절시켜 임신 방지’…男피임약, 출시 가능할까",https://view.asiae.co.kr/article/2023021515134332150 http://www.seoulwire.com/news/articleView.html?idxno=494442 https://www.hankyung.com/life/article/2023021500607 https://www.dongascience.com/news/view/58565,,,
아세트아미노펜,자폐,JAMA,2025-09,7,5,"[www.daejonilbo.com] [의료칼럼] 임신 중 타이레놀, 자폐 논란의 진실 || [매일경제] 트럼프 ""임신 중 타이레놀 복용땐 자폐 위험""vs 의학계 ""근거 없어"" || [매일경제] 트럼프 “타이레놀이 자폐 유발”...과학적 근거는 없다는데 무슨 일? || [동아일보] [오늘과 내일/이진한]혼란 부추기는 트럼프의 ‘타이레놀 자폐’ 연관설",https://www.mk.co.kr/article/11427268 https://www.daejonilbo.com/news/articleView.html?idxno=2229357 https://www.mk.co.kr/article/11427415 https://magazine.hankyung.com/business/article/202509233232b,,,
아세트아미노펜,자폐,Nature,2025-09,5,5,"[www.getnews.co.kr] [이슈분석]타이레놀과 자폐증 연관성 논란, 발병율 및 복용 수칙 || [한겨레] 임신부들 ‘타이레놀 먹어? 말아?’ 트럼프 “자폐 유발” 발표에 혼란 || [www.dongascience.com] ""임신부 타이레놀 복용, 아이 자폐 위험"" 트럼프 주장에 과학계 반박 || [한국경제] 트럼프 “임신 중 타이레놀, 자폐 위험”... 의학계 반박",https://magazine.hankyung.com/business/article/202509233232b https://www.getnews.co.kr/news/articleView.html?idxno=842151 https://www.dongascience.com/news/view/74200 http://www.newstomato.com/ReadNews.aspx?no=1276282&inflow=N,,,
세마글루타이드,간,The Lancet,2026-07,5,5,"[www.dongascience.com] 위고비, 살만 빠지는 게 아니었다?! || [아시아경제] 디앤디파마텍, '자보페그두타이드 초기 임상결과' 란셋 게재 || [머니투데이] 디앤디파마텍, 'DD01' 초기 임상결과 '란셋' 게재…""글로벌 신뢰 강화"" || [www.getnews.co.kr] ﻿﻿[BIO톡]디앤디파마텍 자보페그두타이드, 란셋에 MASH 치료 효과 게재...",https://www.sentv.co.kr/article/view/sentv202607220041 https://www.mt.co.kr/thebio/2026/07/22/2026072208113436297 https://www.dongascience.com/news/view/78860 https://view.asiae.co.kr/article/2026072208380134407,,,
세마글루타이드,당뇨,Nature,2026-03,5,5,"[www.biotimes.co.kr] 프로젠, '혈당은 내리고 근육은 지키는 당뇨 치료제'로 시장 판도 바꿀... || [약업신문] 프로젠 PG-102, ‘고혈당·마른·고령 당뇨 환자’ 꿈의 신약 될까? || [이데일리] 프로젠 ""PG-102, 혈당 강하와 근육 보존 동시 확인…당뇨 치료 새 패러다... || [www.cstimes.com] GLP-1 비만 치료제, 심장 혈류 유지 기전 확인",http://www.edaily.co.kr/news/newspath.asp?newsid=04519846645386928 https://kormedi.com?p=2795043 https://www.biotimes.co.kr/news/articleView.html?idxno=30666 https://www.yakup.com/news/index.html?mode=view&cat=12&nid=325165,,,
GLP-1,당뇨,Nature,2026-09,5,5,"[하이닥] GLP-1, 살만 빼는 게 아니다?... 최신 연구에서 드러난 뜻밖의 효과들 사... || [www.newsclaim.co.kr] 장내 면역이 GLP-1 만든다 || [경향신문] 이 정도면 ‘현대판 불로초’?···비만·당뇨 치료제 GLP-1, 생쥐 수명... || [메디게이트뉴스] GLP-1, 체중감량 넘어 노화까지?…세마글루티드, 노령 쥐 수명 12% 연장",https://www.insight.co.kr/news/571748 https://www.medigatenews.com/news/2364065117 https://news.hidoc.co.kr/news/articleView.html?idxno=68202 https://www.khan.co.kr/article/202609031525021,,,
스타틴,당뇨,Science,2019-06,5,5,"[www.dynews.co.kr] ""고지혈증약 스타틴, 당뇨병 위험 2배↑"" || [yna.kr] ""고지혈증약 스타틴, 당뇨병 위험 2배↑"" || [www.kyeongin.com] ""스타틴 계열 고지혈증 치료제, 당뇨병 위험 높일 수 있어"" || [www.asiatoday.co.kr] 고지혈증 치료제 '스타틴', 당뇨병 위험 높일 수 있다",http://www.dynews.co.kr/news/articleView.html?idxno=460598 http://www.kukinews.com/news/article.html?no=675906 http://www.kyeongin.com/main/view.php?key=20190626010010166 http://yna.kr/AKR20190626047300009?did=1195m,,,
스타틴,치매,The Lancet,2026-09,5,5,"[하이닥] 당뇨병 진단 후 1년 내 스타틴 복용하면… 치매 위험 15% 감소 || [머니투데이] 돈 관리도 잘하는데, 자꾸 '깜빡깜빡'...전원주도 앓는 이 질환 뭐길래 || [코메디닷컴] “경도인지장애가 곧 치매는 아냐⋯운동·식습관·만성질환 관리 중요” || [www.sportschosun.com] ""경도인지장애, 치매 확정이 아닌 '원인' 찾아 바꾸는 시기""",https://www.mt.co.kr/thebio/2026/09/26/2026092309320017599 http://www.kmedinfo.co.kr/news/articleView.html?idxno=97812 https://kormedi.com?p=2870989 https://news.hidoc.co.kr/news/articleView.html?idxno=66838,,,
ADHD약,간,JAMA,2026-01,5,5,"[www.bokuennews.com] 소아 ADHD 진단 경험, 성인기 비만 위험 1.5배 높인다 || [digitalchosun.dizzo.com] 소아기 ADHD, 성인기 체중과 어떤 관련 있을까…3만 명 장기 추적 분석 ... || [www.joseilbo.com] ADHD 있었던 아이, 성인되서 취약해지는 의외의 질병? || [동아일보] [의료계 소식] “ADHD 진단-치료 받은 아이, 커서 비만 확률 높아”",http://digitalchosun.dizzo.com/site/data/html_dir/2026/01/21/2026012180146.html http://www.joseilbo.com/news/news_read.php?uid=561230&class=27&grp= https://www.khan.co.kr/article/202601212040005 https://www.donga.com/news/Health/article/all/20260127/133238871/2,,,
티르제파타이드,당뇨,Nature Medicine,2023-10,5,4,"[www.g-enews.com] 일라이릴리, 국제 학술지에 마운자로 임상결과 발표…체중 26.6% 감소 || [조선일보] 다이어트 주사 마운자로 “투약자 평균 29㎏ 감량” || [서울경제] ""요즘 뜨는 다이어트 주사 ‘마운자로’ 맞고 몸무게 29kg 줄었다"" || [동아일보] 美 다이어트 주사 ‘마운자로’, 임상 3상서 평균 29kg 감량",https://www.donga.com/news/Health/article/all/20231018/121725026/2 https://www.chosun.com/medical/2023/10/18/7MGAARQN3JBDJLOD3MUXCRCPXE https://www.chosun.com/medical/2023/10/19/GXU7XFEJXJFUXDDCEV5UQJ6PPA http://www.g-enews.com/ko-kr/news/article/news_all/2023101711193544243d7a510102_1/article.html,,,
세마글루타이드,당뇨,Nature,2026-09,4,4,"[조선비즈] ‘위고비 성분’ 세마글루타이드, 노화도 늦추나… 나이 든 생쥐 수명 ... || [파이낸셜뉴스] ""위고비 맞으면 10년 더 산다?""…근력·기억력까지 좋아진다는 '뜻밖의... || [인사이트] 당뇨·비만 넘어 노화약 되나... 세마글루타이드 투여한 쥐, 수명 12% ↑ || [www.newsway.co.kr] 살 빼는 약 넘어선 GLP-1…'노화·정신건강'까지 연구 확장",https://www.insight.co.kr/news/571748 https://www.newsway.co.kr/news/view?ud=2026091014234165113 https://www.fnnews.com/news/202609080836268831 https://biz.chosun.com/science-chosun/science/2026/09/03/DNZ5HOLXJNCXVJL7JU42ZVMPNU,,,
GLP-1,간,Nature,2026-09,4,4,"[www.hellodd.com] [조간브리핑]오픈AI 'GPT-6' 발표에 AGI 논쟁··· mRNA 암백신·GLP-1 노... || [www.biotimes.co.kr] 당뇨·비만약 GLP-1, 이젠 '노화' 겨눈다...인간 대상 '생물학적 노화' 임... || [www.g-enews.com] 비만 치료제 세마글루타이드, 노령 생쥐 수명 65.9% 연장 효과 확인돼 || [인사이트] 당뇨·비만 넘어 노화약 되나... 세마글루타이드 투여한 쥐, 수명 12% ↑",https://www.insight.co.kr/news/571748 http://www.hellodd.com/news/articleView.html?idxno=113072 https://www.g-enews.com/view.php?ud=2026090308011676fda4f5ab74_1 https://www.biotimes.co.kr/news/articleView.html?idxno=34255,,,
스타틴,당뇨,The Lancet,2026-09,4,4,"[하이닥] 당뇨병 진단 후 1년 내 스타틴 복용하면… 치매 위험 15% 감소 || [머니투데이] 돈 관리도 잘하는데, 자꾸 '깜빡깜빡'...전원주도 앓는 이 질환 뭐길래 || [코메디닷컴] “경도인지장애가 곧 치매는 아냐⋯운동·식습관·만성질환 관리 중요” || [www.kmedinfo.co.kr] 추석 연휴, 허리·혈관·혈당까지…꼭 챙겨야 할 건강수칙",https://www.mt.co.kr/thebio/2026/09/26/2026092309320017599 http://www.kmedinfo.co.kr/news/articleView.html?idxno=97812 https://kormedi.com?p=2870989 https://news.hidoc.co.kr/news/articleView.html?idxno=66838,,,
스타틴,심장,NEJM,2026-09,4,4,"[아시아경제] 세브란스 심장내과, 9개월간 'NEJM'에 논문 4편 게재 || [www.sentv.co.kr] 세브란스 심장혈관병원, ‘NEJM’에 9개월간 논문 4편 게재 || [www.whosaeng.com] 세브란스 심장내과, NEJM에 9개월간 논문 4편 잇따라 게재 || [www.doctorstimes.com] [병원계 소식] 9월 30일",http://www.doctorstimes.com/news/articleView.html?idxno=240209 https://view.asiae.co.kr/article/2026093010464389080 http://www.whosaeng.com/174061 https://www.sentv.co.kr/article/view/sentv202609300228,,,
스타틴,간,NEJM,2026-09,4,4,"[www.sentv.co.kr] 세브란스 심장혈관병원, ‘NEJM’에 9개월간 논문 4편 게재 || [www.whosaeng.com] 세브란스 심장내과, NEJM에 9개월간 논문 4편 잇따라 게재 || [아시아경제] 세브란스 심장내과, 9개월간 'NEJM'에 논문 4편 게재 || [www.doctorstimes.com] [병원계 소식] 9월 30일",http://www.doctorstimes.com/news/articleView.html?idxno=240209 https://view.asiae.co.kr/article/2026093010464389080 http://www.whosaeng.com/174061 https://www.sentv.co.kr/article/view/sentv202609300228,,,
아스피린,암,NEJM,2025-09,4,4,"[메디칼타임즈] 저용량 아스피린, PI3K 변이 국소성 대장암 재발 위험 절반 || [www.sportschosun.com] ""아스피린, 특정 대장암 환자 재발 위험 55%까지 낮춰"" || [매일경제] 아스피린 매일 복용...대장암 재발 위험 절반으로 || [www.biotimes.co.kr] 아스피린, PIK3 변이가 있는 대장암 환자의 재발 위험 절반으로 줄여",https://www.mk.co.kr/article/11423341 http://www.biotimes.co.kr/news/articleView.html?idxno=24183 https://www.sportschosun.com/life/2025-09-19/202509190100142950021766 https://www.medicaltimes.com/Main/News/NewsView.html?ID=1165342&ref=naverpc,,,
ADHD약,ADHD,JAMA,2023-11,4,4,"[아시아경제] 수능 앞 ADHD·고카페인 음료 수요 ↑…강남서 더 팔린다 || [www.joseilbo.com] ADHD 치료제 장기 복용시 고혈압·동맥 질환 위험 높아져 || [메디칼타임즈] ADHD 약제 장기 복용시 심혈관질환 위험 27% 높아져 || [www.nongmin.com] ADHD 치료제, 장기 복용 시 ‘심뇌혈관질환’ 위험↑",https://www.nongmin.com/article/20231124500283 http://www.joseilbo.com/news/news_read.php?uid=503741&class=27&grp= https://view.asiae.co.kr/article/2023110608290413188 https://www.medicaltimes.com/Main/News/NewsView.html?ID=1156295&ref=naverpc,,,
경구피임약,간,JAMA,2026-02,4,4,"[www.kizmom.com] 초경 빠르면 난소암 위험↑…출산·모유수유는 보호 효과 || [www.ilyoseoul.co.kr] ""아이 적게 낳는 시대, 난소암 위험 지도 바뀐다""...가톨릭대학교 의정... || [www.kmedinfo.co.kr] '아이 적게 낳는 시대, 난소암 위험 지도 바꿔' || [www.rapportian.com] 저출산·출산 고령화 따른 여성 생식 요인과 난소암 연관성 규명",https://www.kizmom.com/news/articleView.html?idxno=107717 https://www.ilyoseoul.co.kr/news/articleView.html?idxno=513159 https://www.rapportian.com/news/articleView.html?idxno=232596 http://www.kmedinfo.co.kr/news/articleView.html?idxno=94592,,,
아세트아미노펜,간,The Lancet,2026-01,3,3,"[www.joseilbo.com] 랜싯 연구 ""임신 중 타이레놀, 자폐 연관성 없다""…트럼프 주장 반박 || [www.etoday.co.kr] 임신 중 타이레놀 논란에 과학이 답했다⋯""관련성 없음"" || [의협신문] 트럼프 '타이레놀→자폐증' 발언, 국제 연구 결과로 '종결'",http://www.joseilbo.com/news/news_read.php?uid=560999&class=42&grp= https://www.etoday.co.kr/news/view/2546984 http://www.doctorsnews.co.kr/news/articleView.html?idxno=163051,,,
아세트아미노펜,간,Nature,2025-06,3,3,"[www.newstree.kr] 버려진 페트병으로 약을 만든다고?...타이레놀 성분으로 전환 성공 || [인사이트] 플라스틱의 변신은 무죄... 페트병, 이제 OOO로 다시 태어난다 || [헬스조선] 페트병, 애물단지에서 ‘보물단지’ 되나… 진통제로 재탄생",https://health.chosun.com/site/data/html_dir/2025/06/25/2025062502261.html https://www.newstree.kr/newsView/ntr202506240011 https://www.insight.co.kr/news/508685,,,
세마글루타이드,당뇨,The Lancet,2026-06,3,3,"[조선비즈] ‘위고비 다음’ 보여준 노보 노디스크…차세대 당뇨·비만 신약 임상 ... || [www.g-enews.com] 체중 15% 감량 ‘레타트루티드’ 등장… 비만·당뇨 치료 판도 바뀐다 || [헬스조선] '카그릴린타이드·세마글루타이드', 당뇨 환자 혈당 개선 효과 입증",https://biz.chosun.com/science-chosun/bio/2026/06/10/KLZ637QGXJEIHDBQJWQGNARMXE https://www.g-enews.com/view.php?ud=2026060810421651532bd56fbc3c_1 https://health.chosun.com/site/data/html_dir/2026/06/18/2026061801847.html,,,
세마글루타이드,심장,Nature,2026-03,3,3,"[세계일보] 비만약 위고비, 살만 빼는 게 아니었다… 심장 ‘미세혈관’ 보호 기전... || [한국경제] '기적의 비만약' 위고비 맞았더니…'뜻밖의 효과' 뭐길래 || [www.cstimes.com] GLP-1 비만 치료제, 심장 혈류 유지 기전 확인",https://www.hankyung.com/article/2026032544257 https://www.segye.com/newsView/20260325506669?OutUrl=naver https://www.cstimes.com/news/articleView.html?idxno=699144,,,
티르제파타이드,간,NEJM,2025-08,3,3,"[www.dailybrief.co.kr] 비만치료제 마운자로 국내상륙 입박...""위고비 75% 가격"" || [www.dongascience.com] 불붙는 비만치료제 경쟁…위고비보다 25% 싼 마운자로 국내 상륙 임박 || [www.ilyosisa.co.kr] 마운자로 출시 임박⋯국내 비만약 시장 경쟁 본격화?",https://www.dailybrief.co.kr/news/articleView.html?idxno=2888 https://www.ilyosisa.co.kr/news/article.html?no=251104 https://www.dongascience.com/news/view/73318,,,
티르제파타이드,탈모,BMJ,2026-07,3,3,"[뉴시스] ""살 빼려다 머리 빠지나""…GLP-1, 당뇨약보다 탈모 위험 높다 || [코메디닷컴] ‘기적의 다이어트 약’ GLP-1, 제2형 당뇨병 환자 탈모 위험 높인다 || [하이닥] GLP-1 비만약, 탈모도 같이 온다?… 다른 당뇨약보다 위험 68% 높아",https://kormedi.com?p=2837690 https://news.hidoc.co.kr/news/articleView.html?idxno=65377 https://www.newsis.com/view/NISX20260724_0003721734,,,
티르제파타이드,당뇨,BMJ,2026-07,3,3,"[뉴시스] ""살 빼려다 머리 빠지나""…GLP-1, 당뇨약보다 탈모 위험 높다 || [코메디닷컴] ‘기적의 다이어트 약’ GLP-1, 제2형 당뇨병 환자 탈모 위험 높인다 || [하이닥] GLP-1 비만약, 탈모도 같이 온다?… 다른 당뇨약보다 위험 68% 높아",https://kormedi.com?p=2837690 https://news.hidoc.co.kr/news/articleView.html?idxno=65377 https://www.newsis.com/view/NISX20260724_0003721734,,,
GLP-1,탈모,BMJ,2026-07,3,3,"[뉴시스] ""살 빼려다 머리 빠지나""…GLP-1, 당뇨약보다 탈모 위험 높다 || [코메디닷컴] ‘기적의 다이어트 약’ GLP-1, 제2형 당뇨병 환자 탈모 위험 높인다 || [하이닥] GLP-1 비만약, 탈모도 같이 온다?… 다른 당뇨약보다 위험 68% 높아",https://kormedi.com?p=2837690 https://news.hidoc.co.kr/news/articleView.html?idxno=65377 https://www.newsis.com/view/NISX20260724_0003721734,,,
GLP-1,당뇨,BMJ,2026-07,3,3,"[뉴시스] ""살 빼려다 머리 빠지나""…GLP-1, 당뇨약보다 탈모 위험 높다 || [코메디닷컴] ‘기적의 다이어트 약’ GLP-1, 제2형 당뇨병 환자 탈모 위험 높인다 || [하이닥] GLP-1 비만약, 탈모도 같이 온다?… 다른 당뇨약보다 위험 68% 높아",https://kormedi.com?p=2837690 https://news.hidoc.co.kr/news/articleView.html?idxno=65377 https://www.newsis.com/view/NISX20260724_0003721734,,,
GLP-1,신장,NEJM,2026-05,3,3,"[www.nextdaily.co.kr] 한미약품, GLP-1 신약 '에페글레나타이드' 당뇨 3상 임상 돌입 || [www.dailysmart.co.kr] 한미약품, GLP-1 신약 '에페글레나타이드' 당뇨 3상 돌입 || [www.pinpointnews.co.kr] [초점] 한미약품 비만약 '에페글레나타이드' 차별점은",https://www.pinpointnews.co.kr/news/articleView.html?idxno=451347 http://www.dailysmart.co.kr/news/articleView.html?idxno=124223 https://www.nextdaily.co.kr/news/articleView.html?idxno=249512,,,
GLP-1,당뇨,NEJM,2026-05,3,3,"[www.nextdaily.co.kr] 한미약품, GLP-1 신약 '에페글레나타이드' 당뇨 3상 임상 돌입 || [www.dailysmart.co.kr] 한미약품, GLP-1 신약 '에페글레나타이드' 당뇨 3상 돌입 || [뉴스핌] 한미약품, GLP-1 신약 '에페글레나타이드' 당뇨치료제로 영역 확장",http://www.dailysmart.co.kr/news/articleView.html?idxno=124223 https://www.newspim.com/news/view/20260518000833 https://www.nextdaily.co.kr/news/articleView.html?idxno=249512,,,
GLP-1,간,Nature,2026-07,3,3,"[헬스경향] ""내장·간·췌장 지방 쌓이는 아시아인, 비만 진단 패러다임 바뀌어야"" || [헬스조선] 정상 체중인데 지방간?… “한국인 비만, BMI만 보면 놓친다” || [아시아경제] ""BMI로는 부족""…분당서울대병원, 아시아인 비만 새 진단 기준 제시",https://www.k-health.com/news/articleView.html?idxno=100335 https://view.asiae.co.kr/article/2026072808284700544 https://health.chosun.com/site/data/html_dir/2026/07/28/2026072801039.html,,,
PPI,자폐,JAMA,2026-01,3,3,"[www.kukinews.com] 임신 중 위산분비억제제, 자녀 ADHD·자폐와 연관 없어…세계 첫 역학 연... || [헬스조선] 임신 중 위산분비억제제 복용, 자녀 ADHD·자폐와 연관 없다 || [www.megaeconomy.co.kr] 경희대 연구팀, 위산분비억제제 임신 중 사용 “소아 신경정신 질환 발...",https://www.kukinews.com/article/view/kuk202601130060 https://health.chosun.com/site/data/html_dir/2026/01/13/2026011301889.html https://www.megaeconomy.co.kr/news/newsview.php?ncode=1065570933304231,,,
PPI,ADHD,JAMA,2026-01,3,3,"[www.kukinews.com] 임신 중 위산분비억제제, 자녀 ADHD·자폐와 연관 없어…세계 첫 역학 연... || [헬스조선] 임신 중 위산분비억제제 복용, 자녀 ADHD·자폐와 연관 없다 || [www.megaeconomy.co.kr] 경희대 연구팀, 위산분비억제제 임신 중 사용 “소아 신경정신 질환 발...",https://www.kukinews.com/article/view/kuk202601130060 https://health.chosun.com/site/data/html_dir/2026/01/13/2026011301889.html https://www.megaeconomy.co.kr/news/newsview.php?ncode=1065570933304231,,,
스타틴,암,Nature,2025-08,3,3,"[medicalworldnews.co.kr] ‘B형 간염과 외부 발암 요인 결합’간암 위험 높여…스타틴 계열 약물... || [www.hinews.co.kr] HBV 간암, 외부 요인과 결합 시 악화... 스타틴의 예방 가능성 제시 || [의학신문] 계명의대 박종호 교수팀, 세계적 학술지에 간암 연구 성과 발표",https://www.hinews.co.kr/view.php?ud=2025080511212925916aa9cc43d0_48 http://www.bosa.co.kr/news/articleView.html?idxno=2254847 https://medicalworldnews.co.kr/news/view.php?idx=1510969190,,,
스타틴,간,Nature,2025-08,3,3,"[medicalworldnews.co.kr] ‘B형 간염과 외부 발암 요인 결합’간암 위험 높여…스타틴 계열 약물... || [www.hinews.co.kr] HBV 간암, 외부 요인과 결합 시 악화... 스타틴의 예방 가능성 제시 || [의학신문] 계명의대 박종호 교수팀, 세계적 학술지에 간암 연구 성과 발표",https://www.hinews.co.kr/view.php?ud=2025080511212925916aa9cc43d0_48 http://www.bosa.co.kr/news/articleView.html?idxno=2254847 https://medicalworldnews.co.kr/news/view.php?idx=1510969190,,,
메트포르민,간,The Lancet,2019-10,3,3,"[메디파나뉴스] `가브스`, 당뇨병 초기 메트포르민 병용 치료 시 장기적 혜택 || [코메디닷컴] 노바티스 '가브스', 메트포르민 조기 병용 시 치료 이점 || [약업신문] 가브스-메트포르민, 당뇨 초기부터 써야 이점 높아",http://www.yakup.com/news/index.html?mode=view&cat=12&nid=235605 http://kormedi.com?p=1303029 http://medipana.com/news/news_viewer.asp?NewsNum=246391&MainKind=A&NewsKind=5&vCount=12&vKind=1,,,
아스피린,심근경색,JAMA,2025-08,3,3,"[헤럴드경제] “만성신장병 동반 급성심근경색, 아스피린 양 줄이면 출혈 감소” || [뉴스1] 신장질환 동반 급성심근경색, 아스피린 양 줄이니 출혈↓ || [뉴시스] ""신장병 동반 급성심근경색, '아스피린' 양 줄이니 출혈↓""",https://www.newsis.com/view/NISX20250825_0003301794 https://biz.heraldcorp.com/article/10561942?ref=naver https://www.news1.kr/bio/welfare-medical/5889543,,,
아스피린,심장,JAMA,2025-08,3,3,"[헤럴드경제] “만성신장병 동반 급성심근경색, 아스피린 양 줄이면 출혈 감소” || [뉴스1] 신장질환 동반 급성심근경색, 아스피린 양 줄이니 출혈↓ || [뉴시스] ""신장병 동반 급성심근경색, '아스피린' 양 줄이니 출혈↓""",https://www.newsis.com/view/NISX20250825_0003301794 https://biz.heraldcorp.com/article/10561942?ref=naver https://www.news1.kr/bio/welfare-medical/5889543,,,
ADHD약,간,JAMA,2023-11,3,3,"[아시아경제] 수능 앞 ADHD·고카페인 음료 수요 ↑…강남서 더 팔린다 || [www.joseilbo.com] ADHD 치료제 장기 복용시 고혈압·동맥 질환 위험 높아져 || [www.nongmin.com] ADHD 치료제, 장기 복용 시 ‘심뇌혈관질환’ 위험↑",https://www.nongmin.com/article/20231124500283 http://www.joseilbo.com/news/news_read.php?uid=503741&class=27&grp= https://view.asiae.co.kr/article/2023110608290413188,,,
벤조디아제핀,우울,Science,2025-09,3,3,"[www.joseilbo.com] 불면증 환자 12년 새 수면제 처방 4배↑...이유보니 || [www.ikunkang.com] 코로나19 팬데믹, 국내 불면증 환자 수면제 사용 증가시켜 || [헬스조선] 잠 못 자는 한국인… 코로나 기간 ‘수면제’ 처방량 늘었다",http://www.joseilbo.com/news/news_read.php?uid=551818&class=27&grp= https://health.chosun.com/site/data/html_dir/2025/09/01/2025090103073.html http://www.ikunkang.com/news/articleView.html?idxno=42556,,,
벤조디아제핀,간,Science,2026-09,3,3,"[머니투데이] 1200개 자폐 원인 유전자, 유형은 단 2가지...맞춤치료 길 열리나 || [www.kizmom.com] 자폐 원인 유전자 1200개 넘지만…공통된 '두 가지 분자 패턴' 찾았다 || [www.brainmedia.co.kr] 자폐의 유전적 다양성, 두 갈래 ‘분자 지도’로 정리",http://www.brainmedia.co.kr/BrainScience/25631 https://www.mt.co.kr/tech/2026/09/18/2026091808000572019 https://www.kizmom.com/news/articleView.html?idxno=112797,,,
항생제,암,JAMA,2026-10,3,3,"[www.nextdaily.co.kr] 연명의료결정법 시행 후에도 말기 암 환자 항생제 사용 늘었다…JAMA 네... || [메디파나뉴스] 연명의료법 시행 후에도…말기 암환자 항생제 사용 증가 || [메디칼업저버] 암 환자 생애말기 항생제 처방, 오히려 '증가'",https://www.medipana.com/news/articleView.html?idxno=418673 https://www.monews.co.kr/news/articleView.html?idxno=414312 https://www.nextdaily.co.kr/news/articleView.html?idxno=253564,,,
아세트아미노펜,자폐,JAMA,2026-04,2,2,"[하이닥] 임신 중 타이레놀 복용, 자폐증 발병과 무관...아동 150만 명 분석 결과 || [헬스조선] ‘타이레놀-자폐’ 연관 없다는 덴마크 연구 새로 발표돼",https://news.hidoc.co.kr/news/articleView.html?idxno=61146 https://health.chosun.com/site/data/html_dir/2026/04/15/2026041503533.html,,,
아세트아미노펜,자폐,JAMA,2026-01,2,2,"[데일리메디] ""진통제가 자폐 유발한다는 트럼프 주장은 거짓"" || [매일경제] “임산부, 진통제 드셔도 됩니다...자폐 유발한다는 트럼프 주장은 거짓...",https://www.dailymedi.com/news/news_view.php?wr_id=933080 https://www.mk.co.kr/article/11936111,,,
아세트아미노펜,자폐,JAMA Internal Medicine,2026-06,2,2,"[연합뉴스] [건강포커스] ""임신 중 타이레놀 복용, 자폐·ADHD 위험 높이지 않는다"" || [SBS] ""임신 중 타이레놀 복용, 자폐·ADHD 위험 높이지 않는다""",https://www.yna.co.kr/view/AKR20260629083000017?input=1195m https://news.sbs.co.kr/news/endPage.do?news_id=N1008633339&plink=ORI&cooper=NAVER,,,
아세트아미노펜,ADHD,JAMA Internal Medicine,2026-06,2,2,"[연합뉴스] [건강포커스] ""임신 중 타이레놀 복용, 자폐·ADHD 위험 높이지 않는다"" || [SBS] ""임신 중 타이레놀 복용, 자폐·ADHD 위험 높이지 않는다""",https://www.yna.co.kr/view/AKR20260629083000017?input=1195m https://news.sbs.co.kr/news/endPage.do?news_id=N1008633339&plink=ORI&cooper=NAVER,,,
아세트아미노펜,자폐,JAMA,2026-02,2,2,"[매일경제] “임신 중 타이레놀, 자폐 유발?”…248만명 추적 결과 나왔다는데 || [한국경제] ""임신 중 타이레놀이 자폐 유발?"" 대규모 데이터 결과 나왔다",https://www.hankyung.com/article/2026021785587 https://www.mk.co.kr/article/11964233,,,
아세트아미노펜,ADHD,JAMA,2026-01,2,2,"[매일경제] “임산부, 진통제 드셔도 됩니다...자폐 유발한다는 트럼프 주장은 거짓... || [데일리메디] ""진통제가 자폐 유발한다는 트럼프 주장은 거짓""",https://www.dailymedi.com/news/news_view.php?wr_id=933080 https://www.mk.co.kr/article/11936111,,,
세마글루타이드,간,Science,2026-09,2,2,[www.dt.co.kr] 비만 치료제 잘못 썼다간 ‘낭패’…남성 탈모 위험 7% 높아 || [매일경제] “머릿속에 뇌가 두 개였다고?”…수억 년 전 합쳐진 인간 뇌의 비밀,https://www.mk.co.kr/article/12161612 https://www.dt.co.kr/article/12082206?ref=naver,,,
세마글루타이드,탈모,BMJ,2026-09,2,2,"[서울경제] “살이냐 머리카락이냐”…‘이런’ 남자들, 비만약 잘못 맞으면 탈모 ... || [하이닥] ""살 빼려다 머리카락 빠질라""… 위고비 ·오젬픽 성분 '세마글루타이드...",https://www.sedaily.com/article/20087028?ref=naver https://news.hidoc.co.kr/news/articleView.html?idxno=67048,,,
세마글루타이드,간,Neurology,2026-07,2,2,"[www.medisobizanews.com] ""위고비, 성인발병 발작 위험 4년간 최대 1.78%p 낮아"" || [www.getnews.co.kr] 당뇨·비만 치료제 세마글루타이드, 성인 뇌 발작 예방 효과 확인",http://www.medisobizanews.com/news/articleView.html?idxno=140450 https://www.getnews.co.kr/news/articleView.html?idxno=875908,,,
세마글루타이드,우울,The Lancet,2026-03,2,2,"[www.dongascience.com] ""위고비 등 비만치료제, 우울·불안 증상도 완화"" || [메디컬투데이] 위고비 등 비만 치료제, 정신건강까지 개선? 우울·불안·입원 위험도 낮...",https://www.dongascience.com/news/view/76930 https://mdtoday.co.kr/news/view/1065585689732063,,,
세마글루타이드,치매,The Lancet,2024-07,2,2,"[약업신문] ‘오젬픽’ 투여 치매ㆍ인지력 저하 위험성 등 감소 || [헬스조선] 계속 되는 GLP-1 연구… 오젬픽, 치매 예방에도 효과 있다?",http://www.yakup.com/news/index.html?mode=view&cat=16&nid=296879 https://health.chosun.com/site/data/html_dir/2024/07/16/2024071601498.html,,,
세마글루타이드,당뇨,The Lancet,2024-07,2,2,"[헬스조선] 계속 되는 GLP-1 연구… 오젬픽, 치매 예방에도 효과 있다? || [약업신문] ‘오젬픽’ 투여 치매ㆍ인지력 저하 위험성 등 감소",http://www.yakup.com/news/index.html?mode=view&cat=16&nid=296879 https://health.chosun.com/site/data/html_dir/2024/07/16/2024071601498.html,,,
세마글루타이드,당뇨,NEJM,2025-05,2,2,"[약업신문] 릴리 “NEJM ‘젭바운드’>‘위고비’ 시험결과 게재” || [www.finomy.com] 세마글루타이드(위고비), 지방간염 개선 가능성 제시… NEJM 임상 3상 결...",https://www.yakup.com/news/index.html?mode=view&cat=16&nid=310038 http://www.finomy.com/news/articleView.html?idxno=228639,,,
세마글루타이드,당뇨,NEJM,2025-04,2,2,[메디칼타임즈] 주사제 한계 넘어서는 세마글루타이드…경구용 합격점 || [팜뉴스] 경구용 세마글루타이드 심혈관 질환 위험 14% 낮춰,https://www.medicaltimes.com/Main/News/NewsView.html?ID=1163006&ref=naverpc https://www.pharmnews.com/news/articleView.html?idxno=258969,,,
세마글루타이드,당뇨,The Lancet,2022-04,2,2,"[의협신문] 비만 치료제 '세마글루타이드' 동아시아인에 -13% 체중 감소 || [경향신문] “美 비만 치료제 ‘세마글루타이드’, 동아시아인에 -13% 체중 감소 효...",http://www.doctorsnews.co.kr/news/articleView.html?idxno=144081 http://sports.khan.co.kr/news/sk_index.html?art_id=202204040906013&sec_id=561801&pt=nv,,,
티르제파타이드,뇌졸중,BMJ,2026-03,2,2,"[한국일보] 비만 치료제 중단하면 심근경색·뇌졸중 위험 커진다 || [헬스조선] GLP-1 쓰고 줄어든 뇌졸중 위험, 약 끊으면 그대로 증가",https://www.hankookilbo.com/news/article/A2026032009320002076?did=NA https://health.chosun.com/site/data/html_dir/2026/03/19/2026031903929.html,,,
티르제파타이드,간,Nature Medicine,2026-05,2,2,[www.etoday.co.kr] 위고비·마운자로 이제 끝?...'요요' 없는 비만 알약 떴다 || [약업신문] 고용량 인크레틴서 ‘파운다요’ ‘젭바운드’로 바꾸면..,https://www.yakup.com/news/index.html?mode=view&cat=16&nid=327221 https://www.etoday.co.kr/news/view/2584111,,,
티르제파타이드,당뇨,JAMA,2025-08,2,2,"[헬스조선] 살 빼는 약 ‘마운자로·위고비’, 다른 질환에도 효과 확인 || [팜뉴스] 세마글루타이드·티르제파타이드, 시신경 질환 경고등 켜졌다",https://health.chosun.com/site/data/html_dir/2025/08/06/2025080602288.html https://www.pharmnews.com/news/articleView.html?idxno=262513,,,
티르제파타이드,당뇨,BMJ,2026-08,2,2,"[약사공론] 이 당뇨약 먹었더니… 심장마비 위험 33% 낮췄다 || [하이닥] 비만치료제 속 '이 성분', 제2형 당뇨·심혈관질환 사망 위험 45%↓",https://news.hidoc.co.kr/news/articleView.html?idxno=65962 https://www.kpanews.co.kr/news/articleView.html?idxno=540941,,,
티르제파타이드,당뇨,The Lancet,2026-06,2,2,[www.g-enews.com] 체중 15% 감량 ‘레타트루티드’ 등장… 비만·당뇨 치료 판도 바뀐다 || [조선비즈] ‘위고비 다음’ 보여준 노보 노디스크…차세대 당뇨·비만 신약 임상 ...,https://biz.chosun.com/science-chosun/bio/2026/06/10/KLZ637QGXJEIHDBQJWQGNARMXE https://www.g-enews.com/view.php?ud=2026060810421651532bd56fbc3c_1,,,
티르제파타이드,간,BMJ,2026-01,2,2,"[문화일보] 다이어트 주사제 끊으면 요요 4배 빨라진다[Science] || [한국일보] ""위고비 끊으면 '요요' 4배 빨라진다… 1년 7개월이면 원래 체중""",https://www.hankookilbo.com/News/Read/A2026010909210002884?did=NA https://www.munhwa.com/article/11563588?ref=naver,,,
티르제파타이드,심장,JAMA,2025-09,2,2,"[하이닥] '비만치료제'가 심장도 살린다… 심부전 사망 위험 최대 58% 낮춰 || [www.dongascience.com] 비만치료제 성분, 심부전 환자 사망·입원 최대 58% 낮췄다",https://www.dongascience.com/news/view/73762 https://news.hidoc.co.kr/news/articleView.html?idxno=52810,,,
티르제파타이드,사망,JAMA,2025-09,2,2,"[하이닥] '비만치료제'가 심장도 살린다… 심부전 사망 위험 최대 58% 낮춰 || [www.dongascience.com] 비만치료제 성분, 심부전 환자 사망·입원 최대 58% 낮췄다",https://www.dongascience.com/news/view/73762 https://news.hidoc.co.kr/news/articleView.html?idxno=52810,,,
티르제파타이드,당뇨,NEJM,2024-06,2,2,[메디칼타임즈] 첫 MASH 신약 뒤쫓아라…후발주자들 임상 속도전 || [헬스조선] 양압기 부담됐는데… ‘이 약’으로 수면무호흡증 완화!,https://health.chosun.com/site/data/html_dir/2024/06/24/2024062401999.html https://www.medicaltimes.com/Main/News/NewsView.html?ID=1159154&ref=naverpc,,,
GLP-1,암,Nature,2026-09,2,2,"[www.hellodd.com] [조간브리핑]오픈AI 'GPT-6' 발표에 AGI 논쟁··· mRNA 암백신·GLP-1 노... || [www.biotimes.co.kr] 당뇨·비만약 GLP-1, 이젠 '노화' 겨눈다...인간 대상 '생물학적 노화' 임...",http://www.hellodd.com/news/articleView.html?idxno=113072 https://www.biotimes.co.kr/news/articleView.html?idxno=34255,,,
GLP-1,탈모,BMJ,2026-09,2,2,"[하이닥] GLP-1, 살만 빼는 게 아니다?... 최신 연구에서 드러난 뜻밖의 효과들 사... || [www.joseilbo.com] ""다이어트 약 먹었더니 머리숱이""…GLP-1 변수 속 유통가 두피케어 확대",http://www.joseilbo.com/news/news_read.php?uid=575820&class=17&grp= https://news.hidoc.co.kr/news/articleView.html?idxno=68202,,,
GLP-1,당뇨,BMJ,2026-09,2,2,"[하이닥] GLP-1, 살만 빼는 게 아니다?... 최신 연구에서 드러난 뜻밖의 효과들 사... || [www.joseilbo.com] ""다이어트 약 먹었더니 머리숱이""…GLP-1 변수 속 유통가 두피케어 확대",http://www.joseilbo.com/news/news_read.php?uid=575820&class=17&grp= https://news.hidoc.co.kr/news/articleView.html?idxno=68202,,,
GLP-1,간,Science,2026-09,2,2,[www.dt.co.kr] 비만 치료제 잘못 썼다간 ‘낭패’…남성 탈모 위험 7% 높아 || [서울신문] 세포는 비만을 기억한다…요요 현상 끊어낼 열쇠 찾았다 [라이프],https://www.dt.co.kr/article/12082206?ref=naver https://www.seoul.co.kr/news/life/health-news/2026/09/03/20260903500305?wlog_tag3=naver,,,
GLP-1,당뇨,NEJM,2026-10,2,2,[메디파나뉴스] 살·혈당 잡은 베링거 비만약…'끝까지 맞을 수 있나' 숙제 || [www.biotimes.co.kr] 주사 맞아야 더 잘 빠질까?…비만치료제 '주사 vs 경구' 효능 따져보니,https://www.medipana.com/news/articleView.html?idxno=418628 https://www.biotimes.co.kr/news/articleView.html?idxno=34848,,,
GLP-1,당뇨,Nature,2026-03,2,2,"[www.bokuennews.com] 케이메디허브, 'GLP-1 상위조절 신호' 규명…네이처 국제학술지 게재 || [의학신문] 케이메디허브, 'GLP-1 상위조절 신호' 규명…네이처 국제학술지",https://www.bosa.co.kr/news/articleView.html?idxno=3000410 http://www.bokuennews.com/news/article.html?no=274982,,,
GLP-1,당뇨,The Lancet,2026-07,2,2,"[digitalchosun.dizzo.com] 정상 체중인데도 당뇨 위험…아시아인 비만, BMI만으론 놓친다 || [헬스조선] 고령 환자도 대사비만수술 안전성·효과 뚜렷",https://health.chosun.com/site/data/html_dir/2026/07/10/2026071002237.html http://digitalchosun.dizzo.com/site/data/html_dir/2026/07/28/2026072880046.html,,,
GLP-1,당뇨,BMJ,2026-08,2,2,"[헬스조선] 비만 치료제, 심장마비·감염 입원 위험도 낮췄다 || [하이닥] 비만치료제 속 '이 성분', 제2형 당뇨·심혈관질환 사망 위험 45%↓",https://health.chosun.com/site/data/html_dir/2026/08/10/2026081002038.html https://news.hidoc.co.kr/news/articleView.html?idxno=65962,,,
GLP-1,당뇨,Nature,2026-07,2,2,"[digitalchosun.dizzo.com] 정상 체중인데도 당뇨 위험…아시아인 비만, BMI만으론 놓친다 || [아시아경제] ""BMI로는 부족""…분당서울대병원, 아시아인 비만 새 진단 기준 제시",https://view.asiae.co.kr/article/2026072808284700544 http://digitalchosun.dizzo.com/site/data/html_dir/2026/07/28/2026072880046.html,,,
GLP-1,암,JAMA,2026-02,2,2,"[팜뉴스] 비만약 GLP-1, 자궁내막암 위험 66% 낮춰 || [www.womaneconomy.co.kr] 비만약 GLP-1, 호르몬제 병용 시 자궁내막암 위험 66% 감소",https://www.pharmnews.com/news/articleView.html?idxno=301546 https://www.womaneconomy.co.kr/news/articleView.html?idxno=250209,,,
GLP-1,심장,Nature,2026-03,2,2,"[세계일보] 비만약 위고비, 살만 빼는 게 아니었다… 심장 ‘미세혈관’ 보호 기전... || [한국경제] '기적의 비만약' 위고비 맞았더니…'뜻밖의 효과' 뭐길래",https://www.hankyung.com/article/2026032544257 https://www.segye.com/newsView/20260325506669?OutUrl=naver,,,
PPI,간,Nature,2026-09,2,2,"[www.mtnews.net] 초고해상도·고휘도 스트레쳐블 QLED 개발… 1만 6,000 PPI·5만 3,300 nit ... || [www.ccnnews.co.kr] 한국연구재단, 피부처럼 늘어나는 초고해상도 QLED 소개",http://www.ccnnews.co.kr/news/articleView.html?idxno=414949 https://www.mtnews.net/news/articleView.html?idxno=25964,,,
PPI,간,JAMA,2026-01,2,2,"[www.whosaeng.com] 임신 중 위산분비억제제 사용, 소아 신경정신 질환과 무관 || [파이낸셜뉴스] 경희대 연구팀 ""임신 중 위산분비억제제, 소아 신경정신 질환과 무관""",http://www.whosaeng.com/167244 http://www.fnnews.com/news/202601130925344878,,,
피나스테리드,탈모,Nature,2022-01,2,2,"[www.hellodd.com] 대덕바이오벤처 '무한 질주'···투자사·빅파마 '대박 주목' || [www.newstomato.com] ""바이오니아, JP모건 컨퍼런스서 탈모치료 후보물질 성황리 공개""-현대...",http://www.hellodd.com/news/articleView.html?idxno=95631 http://www.newstomato.com/ReadNews.aspx?no=1099918&inflow=N,,,
스타틴,치매,The Lancet,2026-07,2,2,"[www.sciencetimes.co.kr] 스타틴이 치매 유발한다고? || [매일경제] 우리나라 치매 위험 요인 1위, 의외네…고혈압·흡연도 아니라는데",https://www.mk.co.kr/article/12104500 https://www.sciencetimes.co.kr/news/sn/262140,,,
스타틴,암,JAMA Internal Medicine,2025-05,2,2,"[www.getnews.co.kr] 고지혈증 치료제 스타틴, 만성 간질환 환자의 간암 예방 효과 입증 || [digitalchosun.dizzo.com] 간질환자에겐 금기였던 ‘스타틴’, 간암까지 막았다",http://digitalchosun.dizzo.com/site/data/html_dir/2025/04/30/2025043080213.html https://www.getnews.co.kr/news/articleView.html?idxno=819197,,,
스타틴,간,JAMA Internal Medicine,2025-05,2,2,"[www.getnews.co.kr] 고지혈증 치료제 스타틴, 만성 간질환 환자의 간암 예방 효과 입증 || [digitalchosun.dizzo.com] 간질환자에겐 금기였던 ‘스타틴’, 간암까지 막았다",http://digitalchosun.dizzo.com/site/data/html_dir/2025/04/30/2025043080213.html https://www.getnews.co.kr/news/articleView.html?idxno=819197,,,
스타틴,암,JAMA Internal Medicine,2025-04,2,2,"[코메디닷컴] 만성 간질환 환자, 고지혈증 치료제 ‘스타틴’ 복용해야 하는 이유 || [청년의사] 고지혈증 약 '스타틴', 간암·간부전 위험도 낮춰",https://kormedi.com?p=2715750 http://www.docdocdoc.co.kr/news/articleView.html?idxno=3028138,,,
스타틴,간,JAMA Internal Medicine,2025-04,2,2,"[코메디닷컴] 만성 간질환 환자, 고지혈증 치료제 ‘스타틴’ 복용해야 하는 이유 || [청년의사] 고지혈증 약 '스타틴', 간암·간부전 위험도 낮춰",https://kormedi.com?p=2715750 http://www.docdocdoc.co.kr/news/articleView.html?idxno=3028138,,,
스타틴,뇌졸중,NEJM,2026-03,2,2,"[www.kmedinfo.co.kr] LDL 콜레스테롤 '55mg/dL 미만' 전략, 심혈관 사건 30% 줄였다 || [이데일리] LDL 콜레스테롤 55mg/dL 미만 목표 치료, 심혈관 사건 감소 입증",http://www.edaily.co.kr/news/newspath.asp?newsid=02417366645388568 http://www.kmedinfo.co.kr/news/articleView.html?idxno=95252,,,
메트포르민,암,JAMA,2026-02,2,2,"[팜뉴스] 비만약 GLP-1, 자궁내막암 위험 66% 낮춰 || [www.womaneconomy.co.kr] 비만약 GLP-1, 호르몬제 병용 시 자궁내막암 위험 66% 감소",https://www.pharmnews.com/news/articleView.html?idxno=301546 https://www.womaneconomy.co.kr/news/articleView.html?idxno=250209,,,
메트포르민,당뇨,The Lancet,2019-10,2,2,"[메디파나뉴스] `가브스`, 당뇨병 초기 메트포르민 병용 치료 시 장기적 혜택 || [약업신문] 가브스-메트포르민, 당뇨 초기부터 써야 이점 높아",http://www.yakup.com/news/index.html?mode=view&cat=12&nid=235605 http://medipana.com/news/news_viewer.asp?NewsNum=246391&MainKind=A&NewsKind=5&vCount=12&vKind=1,,,
메트포르민,당뇨,BMJ,2020-03,2,2,"[medicalworldnews.co.kr] 제2형 당뇨병 환자 ‘3제요법(메트포르민+시타글립틴+로베글리타존)’ ... || [www.kyeongin.com] 분당서울대병원 내분비과 임수 교수 연구팀, '3제요법 혈당조정 치료법...",http://medicalworldnews.co.kr/news/view.php?idx=1510934802 http://www.kyeongin.com/main/view.php?key=20200324010006418,,,
메트포르민,암,Gut,2026-09,2,2,"[코메디닷컴] 당뇨약 먹기 시작했는데 6개월 만에 인슐린까지⋯췌장암 위험 26배 높았... || [매일경제] 혈당이 유독 안 잡힌다면? 약 안 듣는 당뇨, 췌장암 위험 20배 넘어",https://kormedi.com?p=2871434 https://www.mk.co.kr/article/12159336,,,
메트포르민,당뇨,Gut,2026-09,2,2,"[코메디닷컴] 당뇨약 먹기 시작했는데 6개월 만에 인슐린까지⋯췌장암 위험 26배 높았... || [매일경제] 혈당이 유독 안 잡힌다면? 약 안 듣는 당뇨, 췌장암 위험 20배 넘어",https://kormedi.com?p=2871434 https://www.mk.co.kr/article/12159336,,,
메트포르민,당뇨,Nature,2026-04,2,2,[medicalworldnews.co.kr] 고령 당뇨 환자 약물 안전성 차이 규명…당뇨약 계열별 부작용 위험 차... || [www.apsk.co.kr] 고령 당뇨약 안전성 '뚜렷한 차이'…GLP-1·SGLT2 주목,https://www.apsk.co.kr/news/articleView.html?idxno=539158 https://medicalworldnews.co.kr/news/view.php?idx=1510974180,,,
메트포르민,치매,Neurology,2023-02,2,2,"[www.joseilbo.com] 당뇨약 '피오글리타존' 치매 위험성 낮춰...10년간 추적 관찰 결과 || [헬스조선] 당뇨약 ‘피오글리타존’, 치매 위험 낮춘다",https://health.chosun.com/site/data/html_dir/2023/02/16/2023021600972.html http://www.joseilbo.com/news/news_read.php?uid=478754&class=33&grp=,,,
아스피린,간,The Lancet,2026-05,2,2,[경향신문] 좁아진 혈관 넓히는 스텐트 시술 후엔 무조건 아스피린? ‘이 약’이 더... || [헬스조선] ‘평생 아스피린’ 관행 깨지나… 더 우월한 약물 입증돼,https://health.chosun.com/site/data/html_dir/2026/05/07/2026050701498.html https://www.khan.co.kr/article/202605071243001,,,
아스피린,심장,The Lancet,2026-07,2,2,"[www.medisobizanews.com] ""클로피도그렐, 아스피린 대비 심혈관질환 예방 효과 우수"" || [www.hansbiz.co.kr] 삼진제약 '플래리스', 아스피린比 심혈관 위험 14%↓",http://www.medisobizanews.com/news/articleView.html?idxno=140424 http://www.hansbiz.co.kr/news/articleView.html?idxno=851671,,,
아스피린,심장,The Lancet,2026-05,2,2,"[아시아경제] 스텐트 후 평생 먹는 약 바뀌나…아스피린보다 효과 좋은 '클로피도그렐... || [digitalchosun.dizzo.com] 스텐트 시술 후 ‘평생 아스피린’ 복용, 재검토 근거 나왔다",https://view.asiae.co.kr/article/2026050708303142039 http://digitalchosun.dizzo.com/site/data/html_dir/2026/05/07/2026050780063.html,,,
아스피린,출혈,The Lancet,2026-05,2,2,"[하이닥] 스텐트 시술 후 아스피린 보다 '이 약'이 더 효과적… 혈전·출혈 위험 ... || [헤럴드경제] [김태열의 생생건강S펜] “스텐트 시술=아스피린 평생 복용, 공식을 바...",https://biz.heraldcorp.com/article/10732726?ref=naver https://news.hidoc.co.kr/news/articleView.html?idxno=62059,,,
아스피린,심근경색,The Lancet,2025-09,2,2,[서울경제] 심근경색·뇌졸중 위험 더 낮아… 아스피린보다 효과적이라는 이 약물 || [www.dongascience.com] '아스피린'보다 효과적인 심장병 예방 약 확인,https://www.sedaily.com/NewsView/2GXQEUG302 https://www.dongascience.com/news/view/73790,,,
아스피린,심근경색,The Lancet,2025-03,2,2,"[머니투데이] 혈관 스텐트 환자, 아스피린보다 더 좋은 '이 약'…심근경색 46% ↓ || [세계일보] 협심증·심근경색 등 관상동맥질환자 스텐트 시술 후 아스피린 평생 복...",http://www.segye.com/newsView/20250331518856?OutUrl=naver http://news.mt.co.kr/mtview.php?no=2025033110132850816,,,
졸피뎀,간,Science,2025-09,2,2,[헬스조선] 잠 못 자는 한국인… 코로나 기간 ‘수면제’ 처방량 늘었다 || [www.joseilbo.com] 불면증 환자 12년 새 수면제 처방 4배↑...이유보니,http://www.joseilbo.com/news/news_read.php?uid=551818&class=27&grp= https://health.chosun.com/site/data/html_dir/2025/09/01/2025090103073.html,,,
졸피뎀,알츠하이머,Neurology,2023-04,2,2,[www.thedailypost.kr] 수면제가 알츠하이머 치료제?...원인 단백질 수치 낮추는 효과 || [헬스조선] 수면제 성분이 치매 위험을 감소시킨다?,https://health.chosun.com/site/data/html_dir/2023/04/21/2023042102098.html http://www.thedailypost.kr/news/articleView.html?idxno=92637,,,
항우울제,우울,JAMA,2026-06,2,2,"[digitalchosun.dizzo.com] 같은 항우울제인데 효과 달랐다…청소년 우울증, 뇌 연결성과 연관 확인 || [www.kmedinfo.co.kr] 청소년 우울증 약효, 치료 전 뇌 MRI로 예측한다",http://digitalchosun.dizzo.com/site/data/html_dir/2026/06/12/2026061280053.html http://www.kmedinfo.co.kr/news/articleView.html?idxno=96268,,,
ADHD약,ADHD,JAMA,2023-12,2,2,[www.medical-tribune.co.kr] ADHD약 오래 사용할수록 고혈압·동맥질환 위험↑ || [메디칼업저버] ADHD 치료제 오래 먹으면 심혈관 건강 악화될 수도,http://www.medical-tribune.co.kr/news/articleView.html?idxno=203047 http://www.monews.co.kr/news/articleView.html?idxno=328297,,,
ADHD약,암,JAMA,2023-11,2,2,[www.joseilbo.com] ADHD 치료제 장기 복용시 고혈압·동맥 질환 위험 높아져 || [메디칼타임즈] ADHD 약제 장기 복용시 심혈관질환 위험 27% 높아져,http://www.joseilbo.com/news/news_read.php?uid=503741&class=27&grp= https://www.medicaltimes.com/Main/News/NewsView.html?ID=1156295&ref=naverpc,,,
벤조디아제핀,자살,JAMA,2024-08,2,2,[메디칼타임즈] 또 터진 GLP-1 자살 논란…세마글루타이드만 '덜미' || [약사공론] '위고비' 자살 충동 부작용…'삭센다'는 괜찮을까?,https://www.kpanews.co.kr/article/show.asp?idx=252775&category=D https://www.medicaltimes.com/Main/News/NewsView.html?ID=1160188&ref=naverpc,,,
항생제,사망,JAMA,2026-09,2,2,"[라디오코리아] 폐렴·요로감염에 흔히 쓰는 항생제인데...성인 사망률 더 높게 나타났... || [약사공론] 항생제 '세페핌', 다른 β-락탐계 대비 사망 위험 증가와 연관",https://www.radiokorea.com/news/article.php?uid=504401 https://www.kpanews.co.kr/news/articleView.html?idxno=544967,,,
항생제,간,The Lancet,2026-09,2,2,"[뉴시스] 패스트푸드 즐기는 한국인…'이 질환' 위험 수준 || [경향신문] 국내 염증성 장질환, 급증 넘어 쌓인다",https://www.newsis.com/view/NISX20260921_0003798389 https://sports.khan.co.kr/article/202609271732003?pt=nv,,,
이부프로펜,당뇨,The Lancet,2020-03,2,2,"[청년의사] “코로나19 환자, 이부프로펜·ACE억제제 위험은 가설일 뿐” || [팜뉴스] 코로나19 '극약' 지목된 이부프로펜, 사실 확인해보니…",http://www.pharmnews.com/news/articleView.html?idxno=100175 http://www.docdocdoc.co.kr/news/articleView.html?idxno=1078981,,,
이부프로펜,사망,Gut,2026-07,2,2,"[www.medical-tribune.co.kr] 소화성궤양, 고령 여성서 더 위험...사망률 남성 추월 || [이데일리] 폐경 후 여성 소화성궤양 사망률 남성보다 높다, 왜?",https://www.edaily.co.kr/news/newspath.asp?newsid=03234086645517144 http://www.medical-tribune.co.kr/news/articleView.html?idxno=214579,,,
이부프로펜,간,Gut,2026-07,2,2,"[메디파나뉴스] 테고프라잔, 장기 소염진통제 복용 환자 위궤양 예방 효과 확인 || [www.newsway.co.kr] HK이노엔 케이캡, 6번째 적응증 확보…NSAID 궤양 예방시장 가세",https://www.medipana.com/news/articleView.html?idxno=414826 https://www.newsway.co.kr/news/view?ud=2026072811243099664,,,
이부프로펜,간,PLOS ONE,2020-03,2,2,"[www.newspost.kr] 한미약품, 진통·소염 복합신약 '낙소졸' 임상 4상 국제학술지 등재 || [www.updownnews.co.kr] 한미약품, 진통∙소염 복합신약 '낙소졸' 임상4상 국제학술지 등재",http://www.updownnews.co.kr/news/articleView.html?idxno=215790 http://www.newspost.kr/news/articleView.html?idxno=76606,,,
항히스타민제,간,Nature,2026-10,2,2,"[뉴스1] 경희대 연구팀 ""임신 초기 미세먼지 노출, 아토피 위험과 연결"" || [www.dailysmart.co.kr] ""태아 때 마신 미세먼지, 평생 아토피로""…경희대·국립중앙의료원, 면...",http://www.dailysmart.co.kr/news/articleView.html?idxno=130525 https://www.news1.kr/society/education/6307583,,,
ADHD약,ADHD,JAMA,2024-03,2,1,"[www.nongmin.com] ADHD 치료제, 정신장애·자살 위험 줄여준다 || [www.nongmin.com] ADHD, 치료하면 ‘사망 위험’ 낮아진다",https://www.nongmin.com/article/20240328500086 https://www.nongmin.com/article/20240314500082,,,
아세트아미노펜,자폐,The Lancet,2026-07,1,1,"[아시아경제] ""임신 중 타이레놀 먹어도 되나요?""…자폐유발 논란 美 법정공방 부활",https://view.asiae.co.kr/article/2026071410025279433,,,
아세트아미노펜,자폐,JAMA,2025-10,1,1,[메디칼타임즈] 연관성 있어도 원인 아냐…타이레놀 자폐 논쟁 결론은?,https://www.medicaltimes.com/Main/News/NewsView.html?ID=1165509&ref=naverpc,,,
아세트아미노펜,자폐,JAMA Internal Medicine,2026-07,1,1,[헬스조선] ‘타이레놀 자폐·ADHD 유발’ 논란 종결? “관련 없음” 확인,https://health.chosun.com/site/data/html_dir/2026/07/02/2026070202759.html,,,
아세트아미노펜,자폐,JAMA,2026-07,1,1,[헬스조선] ‘타이레놀 자폐·ADHD 유발’ 논란 종결? “관련 없음” 확인,https://health.chosun.com/site/data/html_dir/2026/07/02/2026070202759.html,,,
아세트아미노펜,ADHD,JAMA Internal Medicine,2026-07,1,1,[헬스조선] ‘타이레놀 자폐·ADHD 유발’ 논란 종결? “관련 없음” 확인,https://health.chosun.com/site/data/html_dir/2026/07/02/2026070202759.html,,,
아세트아미노펜,ADHD,JAMA,2026-07,1,1,[헬스조선] ‘타이레놀 자폐·ADHD 유발’ 논란 종결? “관련 없음” 확인,https://health.chosun.com/site/data/html_dir/2026/07/02/2026070202759.html,,,
아세트아미노펜,자폐,The Lancet,2026-03,1,1,[헬스조선] 트럼프 “타이레놀·자폐 연관” 발언 후… 임신부 처방 10% 급감,https://health.chosun.com/site/data/html_dir/2026/03/09/2026030901544.html,,,
아세트아미노펜,간,The Lancet,2026-03,1,1,[헬스조선] 트럼프 “타이레놀·자폐 연관” 발언 후… 임신부 처방 10% 급감,https://health.chosun.com/site/data/html_dir/2026/03/09/2026030901544.html,,,
아세트아미노펜,ADHD,The Lancet,2026-01,1,1,"[하이닥] ""임신 중 타이레놀, 자폐·ADHD 무관""… 트럼프 주장 정면 반박",https://news.hidoc.co.kr/news/articleView.html?idxno=57918,,,
아세트아미노펜,간,Nature,2025-09,1,1,"[한국경제] 트럼프 “임신 중 타이레놀, 자폐 위험”... 의학계 반박",https://magazine.hankyung.com/business/article/202509233232b,,,
아세트아미노펜,자폐,Science,2025-09,1,1,[www.newstomato.com] (헬스&사이언스)트럼프의 타이레놀 관련 발언…하버드대 연구와 접점·...,http://www.newstomato.com/ReadNews.aspx?no=1276282&inflow=N,,,
아세트아미노펜,ADHD,Science,2025-09,1,1,[www.newstomato.com] (헬스&사이언스)트럼프의 타이레놀 관련 발언…하버드대 연구와 접점·...,http://www.newstomato.com/ReadNews.aspx?no=1276282&inflow=N,,,
아세트아미노펜,간,Science,2015-07,1,1,[www.ggilbo.com] [사이언스 '톡톡'] 타이레놀 부작용 조절하는 새 유전자 발견,http://www.ggilbo.com/news/articleView.html?idxno=236929,,,
아세트아미노펜,ADHD,Nature,2025-03,1,1,"[파이낸셜뉴스] ""임신부도 안전해요"" 믿고 먹은 ‘이 약’, ADHD 아이 출산 위험 3배 높...",http://www.fnnews.com/news/202503070730327770,,,
아세트아미노펜,ADHD,Nature,2025-02,1,1,"[헬스조선] 임신 중 ‘아세트아미노펜’ 복용, 아이 ADHD 위험 높아진다",https://health.chosun.com/site/data/html_dir/2025/02/17/2025021702137.html,,,
아세트아미노펜,암,Science,2024-10,1,1,"[www.newsmp.com] 서울시의사회 ""필수의약품 품절사태 주범은 의료개혁 외치는 정부"" 外",http://www.newsmp.com/news/articleView.html?idxno=243340,,,
아세트아미노펜,암,The Lancet,2024-07,1,1,[www.doctorstimes.com] [제약업계 소식] 7월 9일,http://www.doctorstimes.com/news/articleView.html?idxno=227960,,,
아세트아미노펜,간,The Lancet,2024-07,1,1,[www.doctorstimes.com] [제약업계 소식] 7월 9일,http://www.doctorstimes.com/news/articleView.html?idxno=227960,,,
아세트아미노펜,간,JAMA,2025-12,1,1,"[헬스조선] 흔한 ‘이 약’ 먹고 목숨 잃을 뻔… 10대 소녀, 무슨 일?",https://health.chosun.com/site/data/html_dir/2025/12/29/2025122902712.html,,,
아세트아미노펜,자폐,JAMA,2026-08,1,1,"[www.medical-tribune.co.kr] 신생아 포경수술, 자폐증 위험과 무관",http://www.medical-tribune.co.kr/news/articleView.html?idxno=214752,,,
아세트아미노펜,간,The Lancet,2020-03,1,1,"[www.areyou.co.kr] [아유경제_과학] WHO ""코로나19 의심되면 '이부프로펜' 말고 '아세트아미...",http://www.areyou.co.kr/news/articleView.html?idxno=54408,,,
아세트아미노펜,간,JAMA,2026-02,1,1,"[약업신문] 미국, ‘톱 20’ 다빈도 의약품..진통제가 4강 독식",https://www.yakup.com/news/index.html?mode=view&cat=16&nid=323588,,,
아세트아미노펜,간,JAMA,2025-09,1,1,"[한국경제] 트럼프 “임신 중 타이레놀, 자폐 위험”... 의학계 반박",https://magazine.hankyung.com/business/article/202509233232b,,,
아세트아미노펜,간,Science,2026-04,1,1,[www.kmedinfo.co.kr] 줄기세포 '오래 살아남게' 하는 3차원 배양 기술 개발,http://www.kmedinfo.co.kr/news/articleView.html?idxno=95725,,,
아세트아미노펜,암,JAMA,2026-04,1,1,[헬스조선] “몸에 좋다더니 반전”… 암 위험 높이는 ‘이 영양제’ 정체는?,https://health.chosun.com/site/data/html_dir/2026/04/07/2026040703540.html,,,
아세트아미노펜,간,JAMA,2026-04,1,1,[헬스조선] “몸에 좋다더니 반전”… 암 위험 높이는 ‘이 영양제’ 정체는?,https://health.chosun.com/site/data/html_dir/2026/04/07/2026040703540.html,,,
아세트아미노펜,심장,The Lancet,2026-03,1,1,"[www.newsmp.com] 안국약품, 조지 메디신스와 고혈압 3제 복합제 '위다플릭' 라이선스 계...",http://www.newsmp.com/news/articleView.html?idxno=252111,,,
아세트아미노펜,간,BMJ,2018-02,1,1,"[www.nbntv.co.kr] 침묵의 장기 '간(肝)', 건강하게 지키기",http://www.nbntv.co.kr/news/view.php?idx=74771,,,
아세트아미노펜,간,BMJ,2016-07,1,1,"[www.naeil.com] [의약품 간독성 논란, 공적 검증 필요] ""양약이 한약보다 간손상 더 유발...",http://www.naeil.com/news_view?id_art=204815,,,
아세트아미노펜,당뇨,The Lancet,2020-03,1,1,"[팜뉴스] 코로나19 '극약' 지목된 이부프로펜, 사실 확인해보니…",http://www.pharmnews.com/news/articleView.html?idxno=100175,,,
아세트아미노펜,사망,Neurology,2025-07,1,1,[메디칼타임즈] 어떤 약이 파킨슨병 사망 8년 낮췄나?...스타틴 PPI 등 23종,https://www.medicaltimes.com/Main/News/NewsView.html?ID=1164427&ref=naverpc,,,
아세트아미노펜,알츠하이머,Neurology,2025-03,1,1,"[팜뉴스] 알츠하이머 신약 '도나네맙', 부작용 리스크는?",https://www.pharmnews.com/news/articleView.html?idxno=258319,,,
아세트아미노펜,알츠하이머,JAMA,2025-03,1,1,"[팜뉴스] 알츠하이머 신약 '도나네맙', 부작용 리스크는?",https://www.pharmnews.com/news/articleView.html?idxno=258319,,,
아세트아미노펜,간,The Lancet,2020-07,1,1,"[청년의사] 옥스퍼드-제약사 공동개발 코로나19 백신, 항체 형성 성공적",http://www.docdocdoc.co.kr/news/articleView.html?idxno=2001034,,,
아세트아미노펜,간,BMJ,2017-09,1,1,[www.akomnews.com] 간 독성 유발 원인은?,http://www.akomnews.com?p=386501,,,
세마글루타이드,탈모,Science,2026-09,1,1,[www.dt.co.kr] 비만 치료제 잘못 썼다간 ‘낭패’…남성 탈모 위험 7% 높아,https://www.dt.co.kr/article/12082206?ref=naver,,,
세마글루타이드,당뇨,BMJ,2026-09,1,1,"[서울경제] “살이냐 머리카락이냐”…‘이런’ 남자들, 비만약 잘못 맞으면 탈모 ...",https://www.sedaily.com/article/20087028?ref=naver,,,
세마글루타이드,시력,JAMA Ophthalmology,2026-09,1,1,[이데일리] “위고비 맞고 시력 잃었다” 릴리·노보 美 소송전...과학적 근거 따져...,https://www.edaily.co.kr/News/Read?newsId=02715846645582088&mediaCodeNo=257,,,
세마글루타이드,당뇨,JAMA Ophthalmology,2026-09,1,1,[이데일리] “위고비 맞고 시력 잃었다” 릴리·노보 美 소송전...과학적 근거 따져...,https://www.edaily.co.kr/News/Read?newsId=02715846645582088&mediaCodeNo=257,,,
세마글루타이드,인지,Nature,2026-09,1,1,"[뉴시스] ""위고비 성분 세마글루타이드, 노령 생쥐 수명 12% 늘려""",https://www.newsis.com/view/NISX20260904_0003777271,,,
세마글루타이드,심장,The Lancet,2025-11,1,1,"[www.moneys.co.kr] 비만약 새 정의 쓰는 위고비, 심장·간까지 지킨다",https://www.moneys.co.kr/article/2025112016022252038,,,
세마글루타이드,간,The Lancet,2025-11,1,1,"[www.moneys.co.kr] 비만약 새 정의 쓰는 위고비, 심장·간까지 지킨다",https://www.moneys.co.kr/article/2025112016022252038,,,
세마글루타이드,심장,The Lancet,2025-10,1,1,[헬스조선] 비만약 ‘위고비’로 살 뺐더니… ‘이 병’ 위험도 낮아져,https://health.chosun.com/site/data/html_dir/2025/10/24/2025102402847.html,,,
세마글루타이드,간,The Lancet,2025-10,1,1,[헬스조선] 비만약 ‘위고비’로 살 뺐더니… ‘이 병’ 위험도 낮아져,https://health.chosun.com/site/data/html_dir/2025/10/24/2025102402847.html,,,
세마글루타이드,간,BMJ,2026-07,1,1,"[코메디닷컴] 살 빼는 주사, 술 끊는 약보다 나았다?…위고비·마운자로 뜻밖 결과",https://kormedi.com?p=2836681,,,
세마글루타이드,골절,JAMA,2026-08,1,1,"[헬스조선] 위고비 맞는 당뇨병 환자, 골절 위험 21% 낮아",https://health.chosun.com/site/data/html_dir/2026/08/06/2026080602766.html,,,
세마글루타이드,당뇨,JAMA,2026-08,1,1,"[헬스조선] 위고비 맞는 당뇨병 환자, 골절 위험 21% 낮아",https://health.chosun.com/site/data/html_dir/2026/08/06/2026080602766.html,,,
세마글루타이드,간,Nature Medicine,2026-07,1,1,"[약사공론] 위고비가 던진 새 화두…비만 치료, '체중' 아닌 '건강'으로 진화",https://www.kpanews.co.kr/news/articleView.html?idxno=538651,,,
세마글루타이드,당뇨,Nature Medicine,2026-07,1,1,"[약사공론] 위고비가 던진 새 화두…비만 치료, '체중' 아닌 '건강'으로 진화",https://www.kpanews.co.kr/news/articleView.html?idxno=538651,,,
세마글루타이드,당뇨,NEJM,2026-10,1,1,[www.biotimes.co.kr] 주사 맞아야 더 잘 빠질까?…비만치료제 '주사 vs 경구' 효능 따져보니,https://www.biotimes.co.kr/news/articleView.html?idxno=34848,,,
세마글루타이드,뇌졸중,Neurology,2026-07,1,1,"[중앙일보] 위고비 성분, 뇌 보호 효과까지? 1만8000명 분석 결과 보니…",https://www.joongang.co.kr/article/25447556,,,
세마글루타이드,우울,The Lancet,2026-06,1,1,"[약사공론] '위고비' 투약관리도 AI로…노보 노디스크, 파스타 협업 공개",https://www.kpanews.co.kr/news/articleView.html?idxno=536082,,,
세마글루타이드,간,Nature Medicine,2026-05,1,1,[www.etoday.co.kr] 위고비·마운자로 이제 끝?...'요요' 없는 비만 알약 떴다,https://www.etoday.co.kr/news/view/2584111,,,
세마글루타이드,시력,JAMA,2026-09,1,1,[www.etnews.com] “눈앞이 갑자기 캄캄”…GLP-1 비만약 맞은 환자들 '시력 손상' 줄소송,https://www.etnews.com/20260921000261,,,
세마글루타이드,당뇨,The Lancet,2026-03,1,1,"[www.dongascience.com] ""위고비 등 비만치료제, 우울·불안 증상도 완화""",https://www.dongascience.com/news/view/76930,,,
세마글루타이드,실명,JAMA Ophthalmology,2026-09,1,1,[www.m-i.kr] 비만치료제 복용으로 '실명' 의혹 제기… 글로벌 제약사 상대로 소송 확...,https://www.m-i.kr/news/articleView.html?idxno=1416668,,,
세마글루타이드,당뇨,JAMA Ophthalmology,2026-04,1,1,"[아시아경제] 당뇨 치료 패러다임 전환…안질환 부작용 논란 ""신중 해석""",https://view.asiae.co.kr/article/2026041416072225821,,,
세마글루타이드,췌장염,JAMA,2025-06,1,1,"[www.moneys.co.kr] 위고비·오젬픽 사용 후 급성 췌장염 호소… 영국, 부작용 조사 나서",https://www.moneys.co.kr/article/2025063007581054144,,,
세마글루타이드,시력,Science,2026-03,1,1,[서울신문] 다이어트 주사 위고비 때문에 시력 잃을 수 있다? [사이언스 브런치],https://www.seoul.co.kr/news/plan/science-diverse-story/2026/03/12/20260312500106?wlog_tag3=naver,,,
세마글루타이드,인지,The Lancet,2024-07,1,1,[약업신문] ‘오젬픽’ 투여 치매ㆍ인지력 저하 위험성 등 감소,http://www.yakup.com/news/index.html?mode=view&cat=16&nid=296879,,,
세마글루타이드,간,JAMA,2026-09,1,1,[www.etnews.com] “눈앞이 갑자기 캄캄”…GLP-1 비만약 맞은 환자들 '시력 손상' 줄소송,https://www.etnews.com/20260921000261,,,
세마글루타이드,실명,JAMA,2025-06,1,1,[헬스조선] 비만약 맞다가 실명? 유럽서 ‘오젬픽’·’위고비’ 부작용 인정,https://health.chosun.com/site/data/html_dir/2025/06/09/2025060902659.html,,,
세마글루타이드,간,JAMA,2025-06,1,1,[헬스조선] 비만약 맞다가 실명? 유럽서 ‘오젬픽’·’위고비’ 부작용 인정,https://health.chosun.com/site/data/html_dir/2025/06/09/2025060902659.html,,,
세마글루타이드,당뇨,The Lancet,2024-06,1,1,[한국경제] 비만약 불티나더니…노보노디스크 美공장 증설 5조원 투입,https://www.hankyung.com/article/202406258757i,,,
세마글루타이드,간,JAMA,2023-05,1,1,"[www.g-enews.com] 화이자 경구용 비만치료제, '오젬픽'보다 우수…국내 제약사들도 바짝 ...",http://www.g-enews.com/ko-kr/news/article/news_all/2023052311403113243d7a510102_1/article.html,,,
세마글루타이드,당뇨,JAMA,2023-05,1,1,"[www.g-enews.com] 화이자 경구용 비만치료제, '오젬픽'보다 우수…국내 제약사들도 바짝 ...",http://www.g-enews.com/ko-kr/news/article/news_all/2023052311403113243d7a510102_1/article.html,,,
세마글루타이드,당뇨,JAMA,2023-10,1,1,[메디칼타임즈] GLP-1 빅토자 오젬픽 자칫 췌장 망가진다...부작용 꼬리표 여전,https://www.medicaltimes.com/Main/News/NewsView.html?ID=1155673&ref=naverpc,,,
세마글루타이드,당뇨,The Lancet,2024-09,1,1,[약업신문] 세마글루타이드 심부전 시험 자료 ‘란셋’ 게재,http://www.yakup.com/news/index.html?mode=view&cat=16&nid=298915,,,
세마글루타이드,간,Science,2026-02,1,1,[www.doctorstimes.com] [제약업계 소식] 2월 2일자,http://www.doctorstimes.com/news/articleView.html?idxno=236618,,,
세마글루타이드,당뇨,Science,2026-02,1,1,[www.doctorstimes.com] [제약업계 소식] 2월 2일자,http://www.doctorstimes.com/news/articleView.html?idxno=236618,,,
세마글루타이드,탈모,BMJ,2026-07,1,1,"[뉴시스] ""살 빼려다 머리 빠지나""…GLP-1, 당뇨약보다 탈모 위험 높다",https://www.newsis.com/view/NISX20260724_0003721734,,,
세마글루타이드,당뇨,BMJ,2026-07,1,1,"[뉴시스] ""살 빼려다 머리 빠지나""…GLP-1, 당뇨약보다 탈모 위험 높다",https://www.newsis.com/view/NISX20260724_0003721734,,,
세마글루타이드,췌장염,BMJ,2026-04,1,1,"[뉴스1] ""GLP-1 비만치료제, 췌장염 위험 증가 없어…초기만 주의해야"" [저널톡]",https://www.news1.kr/bio/general/6153040,,,
세마글루타이드,골절,Nature,2026-04,1,1,"[하이닥] '뼈말라' 열풍에 비만약 처방까지… 2030 여성, 살 대신 건강 잃는다",https://news.hidoc.co.kr/news/articleView.html?idxno=60787,,,
세마글루타이드,뇌졸중,BMJ,2026-03,1,1,"[헬스조선] GLP-1 쓰고 줄어든 뇌졸중 위험, 약 끊으면 그대로 증가",https://health.chosun.com/site/data/html_dir/2026/03/19/2026031903929.html,,,
세마글루타이드,간,Nature,2026-03,1,1,"[인사이트] 나이 들수록 기억력 저하되는 이유, 뇌 문제가 아니었다",https://www.insight.co.kr/news/546994,,,
세마글루타이드,당뇨,BMJ,2026-03,1,1,"[히트뉴스] ""살 빼는 약이 중독까지 치료한다?""…GLP-1 뜻밖의 효과",https://www.hitnews.co.kr/news/articleView.html?idxno=74447,,,
세마글루타이드,심근경색,Nature,2026-03,1,1,"[동아일보] “다이어트 주사, 심근경색에도 효과?”…GLP-1 새 작용 원리 발견",https://www.donga.com/news/Health/article/all/20260306/133478674/2,,,
세마글루타이드,사망,The Lancet,2026-02,1,1,"[www.sportschosun.com] ""고도비만, 감염병 입원·사망 위험 3배 높아""",https://www.sportschosun.com/life/2026-02-10/202602100100067990004571,,,
세마글루타이드,당뇨,JAMA Internal Medicine,2026-02,1,1,"[코메디닷컴] 먹는 다이어트 약, 체중 안 줄어도 ‘이런 효과’ 있다고?",https://kormedi.com?p=2786846,,,
세마글루타이드,간,Neurology,2025-12,1,1,[헬스조선] 살 빼는 약 ‘의외의 효과’… 뇌 손상 유발하는 ‘이 병’ 막아,https://health.chosun.com/site/data/html_dir/2025/12/16/2025121603243.html,,,
세마글루타이드,당뇨,Neurology,2025-12,1,1,[헬스조선] 살 빼는 약 ‘의외의 효과’… 뇌 손상 유발하는 ‘이 병’ 막아,https://health.chosun.com/site/data/html_dir/2025/12/16/2025121603243.html,,,
세마글루타이드,간,BMJ,2026-01,1,1,[아시아경제] 쭉쭉 살 빠질 때는 좋았는데…비만 치료제의 역습,https://view.asiae.co.kr/article/2026010910013399462,,,
세마글루타이드,당뇨,BMJ,2026-01,1,1,"[www.goodnews1.com] 비만치료제 중단 시…""체중 늘고 심혈관 건강 지표는 역전""",https://www.goodnews1.com/news/articleView.html?idxno=455341,,,
세마글루타이드,간,JAMA,2024-03,1,1,[매일경제] “사람들 다 날씬해지려나”…135만원짜리 ‘이것’ 만원이면 산다고?,https://www.mk.co.kr/article/10976384,,,
세마글루타이드,간,Nature,2025-12,1,1,"[히트뉴스] ""2025년을 내 칼럼으로 돌아보니 비만과 AD 연구는 발전 중""",https://www.hitnews.co.kr/news/articleView.html?idxno=72207,,,
세마글루타이드,암,Neurology,2026-07,1,1,[www.ggmedinews.com] [의료 연구 브리프] 항암 후 유방 미세석회 / 세마글루타이드와 성인발...,http://www.ggmedinews.com/news/articleView.html?idxno=6684,,,
세마글루타이드,당뇨,JAMA Ophthalmology,2025-08,1,1,"[팜뉴스] 세마글루타이드, 눈 건강 전반적 위험 '없음'… 드물게 시신경 질환 연...",https://www.pharmnews.com/news/articleView.html?idxno=262643,,,
세마글루타이드,당뇨,Neurology,2026-08,1,1,[히트뉴스] 당뇨와 비만 치료제 성분 세마글루타이드 '발작도 방지',https://www.hitnews.co.kr/news/articleView.html?idxno=78028,,,
세마글루타이드,신장,NEJM,2025-04,1,1,[메디칼타임즈] 주사제 한계 넘어서는 세마글루타이드…경구용 합격점,https://www.medicaltimes.com/Main/News/NewsView.html?ID=1163006&ref=naverpc,,,
세마글루타이드,당뇨,JAMA,2026-09,1,1,[www.etnews.com] “눈앞이 갑자기 캄캄”…GLP-1 비만약 맞은 환자들 '시력 손상' 줄소송,https://www.etnews.com/20260921000261,,,
세마글루타이드,당뇨,JAMA Internal Medicine,2026-03,1,1,"[메디컬투데이] 먹는 세마글루타이드, 심부전 악화 위험 낮춰",https://mdtoday.co.kr/news/view/1065586096127856,,,
세마글루타이드,당뇨,JAMA,2026-03,1,1,"[메디컬투데이] 먹는 세마글루타이드, 심부전 악화 위험 낮춰",https://mdtoday.co.kr/news/view/1065586096127856,,,
세마글루타이드,당뇨,JAMA,2025-08,1,1,"[팜뉴스] 세마글루타이드·티르제파타이드, 시신경 질환 경고등 켜졌다",https://www.pharmnews.com/news/articleView.html?idxno=262513,,,
세마글루타이드,간,NEJM,2025-05,1,1,"[www.finomy.com] 세마글루타이드(위고비), 지방간염 개선 가능성 제시… NEJM 임상 3상 결...",http://www.finomy.com/news/articleView.html?idxno=228639,,,
세마글루타이드,당뇨,JAMA,2025-02,1,1,"[헬스조선] 세마글루타이드, 당뇨병·비만 이어 ‘이것’도 막는다",https://health.chosun.com/site/data/html_dir/2025/02/13/2025021302031.html,,,
세마글루타이드,자살,JAMA,2024-08,1,1,[메디칼타임즈] 또 터진 GLP-1 자살 논란…세마글루타이드만 '덜미',https://www.medicaltimes.com/Main/News/NewsView.html?ID=1160188&ref=naverpc,,,
세마글루타이드,당뇨,JAMA,2024-08,1,1,[메디칼타임즈] 또 터진 GLP-1 자살 논란…세마글루타이드만 '덜미',https://www.medicaltimes.com/Main/News/NewsView.html?ID=1160188&ref=naverpc,,,
세마글루타이드,심장,NEJM,2023-09,1,1,[메디칼타임즈] 심장약 진화한 세마글루타이드…막상 의료진 반응은 시큰둥,https://www.medicaltimes.com/Main/News/NewsView.html?ID=1155542&ref=naverpc,,,
세마글루타이드,당뇨,NEJM,2023-09,1,1,"[헬스조선] 세마글루타이드, 1형 당뇨병 초기 치료에도 효과적",https://health.chosun.com/site/data/html_dir/2023/09/12/2023091202014.html,,,
티르제파타이드,심근경색,BMJ,2026-03,1,1,[한국일보] 비만 치료제 중단하면 심근경색·뇌졸중 위험 커진다,https://www.hankookilbo.com/news/article/A2026032009320002076?did=NA,,,
티르제파타이드,치매,Science,2026-01,1,1,[문화일보] 다이어트 주사제 끊으면 요요 4배 빨라진다[Science],https://www.munhwa.com/article/11563588?ref=naver,,,
티르제파타이드,인지,Science,2026-01,1,1,[문화일보] 다이어트 주사제 끊으면 요요 4배 빨라진다[Science],https://www.munhwa.com/article/11563588?ref=naver,,,
티르제파타이드,당뇨,BMJ,2026-09,1,1,"[www.joseilbo.com] ""다이어트 약 먹었더니 머리숱이""…GLP-1 변수 속 유통가 두피케어 확대",http://www.joseilbo.com/news/news_read.php?uid=575820&class=17&grp=,,,
티르제파타이드,간,The Lancet,2026-08,1,1,"[헬스조선] 500만 인플루언서, “마운자로 없이 8kg 감량”… ‘의외의 비결’ 있었...",https://health.chosun.com/site/data/html_dir/2026/08/28/2026082801895.html,,,
티르제파타이드,간,BMJ,2026-07,1,1,"[코메디닷컴] 살 빼는 주사, 술 끊는 약보다 나았다?…위고비·마운자로 뜻밖 결과",https://kormedi.com?p=2836681,,,
티르제파타이드,간,Nature Medicine,2023-10,1,1,"[www.g-enews.com] 일라이릴리, 국제 학술지에 마운자로 임상결과 발표…체중 26.6% 감소",http://www.g-enews.com/ko-kr/news/article/news_all/2023101711193544243d7a510102_1/article.html,,,
티르제파타이드,당뇨,NEJM,2026-10,1,1,[www.biotimes.co.kr] 주사 맞아야 더 잘 빠질까?…비만치료제 '주사 vs 경구' 효능 따져보니,https://www.biotimes.co.kr/news/articleView.html?idxno=34848,,,
티르제파타이드,당뇨,The Lancet,2025-09,1,1,[약업신문] 릴리 ‘마운자로’ 당뇨환자 당화혈색소 2.2% ↓,https://www.yakup.com/news/index.html?mode=view&cat=16&nid=316224,,,
티르제파타이드,신장,NEJM,2025-10,1,1,"[www.ftoday.co.kr] 한미약품 에페글레나타이드, 위고비·마운자로 '양강구도' 흔든다",http://www.ftoday.co.kr/news/articleView.html?idxno=349761,,,
티르제파타이드,치매,JAMA,2025-09,1,1,"[뉴시스] [살과의 전쟁]③""간질환·치매도 효과""…비만약 무한진화",https://www.newsis.com/view/NISX20250912_0003327133,,,
티르제파타이드,암,JAMA,2025-09,1,1,"[뉴시스] [살과의 전쟁]③""간질환·치매도 효과""…비만약 무한진화",https://www.newsis.com/view/NISX20250912_0003327133,,,
티르제파타이드,치매,JAMA,2025-08,1,1,"[헬스조선] 살 빼는 약 ‘마운자로·위고비’, 다른 질환에도 효과 확인",https://health.chosun.com/site/data/html_dir/2025/08/06/2025080602288.html,,,
티르제파타이드,간,Nature,2025-09,1,1,"[www.dongascience.com] ""굶지 않고 살 뺄까""…위고비·마운자로와 다른 비만치료 전략 나와",https://www.dongascience.com/news/view/73852,,,
티르제파타이드,간,NEJM,2025-09,1,1,"[www.dongascience.com] '먹는 마운자로' 오포글리프론, 체중 최대 20% 감량",https://www.dongascience.com/news/view/74099,,,
티르제파타이드,사망,NEJM,2024-11,1,1,"[메디게이트뉴스] 릴리 마운자로, HFpEF 비만 성인의 심혈관 사망 및 심부전 악화 위험 38%...",https://www.medigatenews.com/news/221893802,,,
티르제파타이드,심장,BMJ,2026-08,1,1,[약사공론] 이 당뇨약 먹었더니… 심장마비 위험 33% 낮췄다,https://www.kpanews.co.kr/news/articleView.html?idxno=540941,,,
티르제파타이드,시력,Science,2026-03,1,1,[서울신문] 다이어트 주사 위고비 때문에 시력 잃을 수 있다? [사이언스 브런치],https://www.seoul.co.kr/news/plan/science-diverse-story/2026/03/12/20260312500106?wlog_tag3=naver,,,
티르제파타이드,당뇨,Science,2026-03,1,1,[서울신문] 다이어트 주사 위고비 때문에 시력 잃을 수 있다? [사이언스 브런치],https://www.seoul.co.kr/news/plan/science-diverse-story/2026/03/12/20260312500106?wlog_tag3=naver,,,
티르제파타이드,당뇨,NEJM,2025-12,1,1,[팜뉴스] 티르제파타이드 심혈관 안전성 기준 충족,https://www.pharmnews.com/news/articleView.html?idxno=300385,,,
티르제파타이드,암,Nature,2026-09,1,1,"[www.biotimes.co.kr] 당뇨·비만약 GLP-1, 이젠 '노화' 겨눈다...인간 대상 '생물학적 노화' 임...",https://www.biotimes.co.kr/news/articleView.html?idxno=34255,,,
티르제파타이드,간,Nature,2026-09,1,1,"[www.biotimes.co.kr] 당뇨·비만약 GLP-1, 이젠 '노화' 겨눈다...인간 대상 '생물학적 노화' 임...",https://www.biotimes.co.kr/news/articleView.html?idxno=34255,,,
티르제파타이드,사망,BMJ,2026-08,1,1,"[하이닥] 비만치료제 속 '이 성분', 제2형 당뇨·심혈관질환 사망 위험 45%↓",https://news.hidoc.co.kr/news/articleView.html?idxno=65962,,,
티르제파타이드,당뇨,Neurology,2026-08,1,1,[히트뉴스] 당뇨와 비만 치료제 성분 세마글루타이드 '발작도 방지',https://www.hitnews.co.kr/news/articleView.html?idxno=78028,,,
티르제파타이드,당뇨,NEJM,2026-07,1,1,[www.apsk.co.kr] '50파운드 감량' 비교광고에 뿔난 노보…릴리 비만약 광고 법정 세웠다,https://www.apsk.co.kr/news/articleView.html?idxno=539943,,,
티르제파타이드,당뇨,BMJ,2026-03,1,1,"[히트뉴스] ""살 빼는 약이 중독까지 치료한다?""…GLP-1 뜻밖의 효과",https://www.hitnews.co.kr/news/articleView.html?idxno=74447,,,
티르제파타이드,간,Science,2026-01,1,1,[문화일보] 다이어트 주사제 끊으면 요요 4배 빨라진다[Science],https://www.munhwa.com/article/11563588?ref=naver,,,
티르제파타이드,인지,BMJ,2026-01,1,1,"[파이낸셜뉴스] ""위고비로 15㎏ 살뺐다""..투약 중단 1년 뒤, 깜짝 놀란 몸무게 ""건강이""...",http://www.fnnews.com/news/202601091034119225,,,
티르제파타이드,시력,JAMA,2025-08,1,1,"[www.dongascience.com] ""인기 비만치료제, 당뇨환자 시력 위협 안질환 위험 높인다""",https://www.dongascience.com/news/view/73407,,,
티르제파타이드,간,JAMA,2025-08,1,1,"[www.dongascience.com] ""인기 비만치료제, 당뇨환자 시력 위협 안질환 위험 높인다""",https://www.dongascience.com/news/view/73407,,,
티르제파타이드,치매,The Lancet,2024-06,1,1,[www.newsway.co.kr] GLP-1 '적응증 확대' 도전…다낭성 난소 증후군에 치매까지?,https://www.newsway.co.kr/news/view?ud=2024062817062843715,,,
티르제파타이드,간,The Lancet,2024-06,1,1,[www.newsway.co.kr] GLP-1 '적응증 확대' 도전…다낭성 난소 증후군에 치매까지?,https://www.newsway.co.kr/news/view?ud=2024062817062843715,,,
티르제파타이드,신장,NEJM,2024-05,1,1,"[조선비즈] 살 빼는 주사 위고비, 신장 투석까지 막는다…만성 신부전 효과",https://biz.chosun.com/science-chosun/bio/2024/05/25/SEL54JZWM5GPLN7FB6AZYEDNRA,,,
티르제파타이드,당뇨,NEJM,2024-05,1,1,"[조선비즈] 살 빼는 주사 위고비, 신장 투석까지 막는다…만성 신부전 효과",https://biz.chosun.com/science-chosun/bio/2024/05/25/SEL54JZWM5GPLN7FB6AZYEDNRA,,,
티르제파타이드,간,NEJM,2025-05,1,1,[약업신문] 릴리 “NEJM ‘젭바운드’>‘위고비’ 시험결과 게재”,https://www.yakup.com/news/index.html?mode=view&cat=16&nid=310038,,,
티르제파타이드,당뇨,NEJM,2025-05,1,1,[약업신문] 릴리 “NEJM ‘젭바운드’>‘위고비’ 시험결과 게재”,https://www.yakup.com/news/index.html?mode=view&cat=16&nid=310038,,,
티르제파타이드,심장,The Lancet,2024-09,1,1,"[조선비즈] [위고비 쇼크] 비만약 위고비, 심장약으로 확장 ‘재도전’",https://biz.chosun.com/science-chosun/bio/2024/09/03/DKV2TTVY3ZHNDO7YEKSFD45JRI,,,
티르제파타이드,인지,Science,2024-06,1,1,[www.marketnews.co.kr] 살 빼는 치료제의 '비밀' 풀렸다... GLP-1 기반 치료제 체중 감소 원리 ...,http://www.marketnews.co.kr/news/articleView.html?idxno=68820,,,
티르제파타이드,자살,Nature Medicine,2024-01,1,1,"[디지털투데이] FDA ""비만 치료제와 자살 충동 연관 없어""…제약계 반응은?",https://www.digitaltoday.co.kr/news/articleView.html?idxno=501573,,,
티르제파타이드,시력,JAMA,2026-09,1,1,[www.etnews.com] “눈앞이 갑자기 캄캄”…GLP-1 비만약 맞은 환자들 '시력 손상' 줄소송,https://www.etnews.com/20260921000261,,,
티르제파타이드,간,JAMA,2026-09,1,1,[www.etnews.com] “눈앞이 갑자기 캄캄”…GLP-1 비만약 맞은 환자들 '시력 손상' 줄소송,https://www.etnews.com/20260921000261,,,
티르제파타이드,간,The Lancet,2026-05,1,1,[약업신문] 고용량 인크레틴서 ‘파운다요’ ‘젭바운드’로 바꾸면..,https://www.yakup.com/news/index.html?mode=view&cat=16&nid=327221,,,
티르제파타이드,간,JAMA,2023-12,1,1,[약업신문] 릴리 ‘젭바운드’ 88주간 체중 26% 빠져빠져~,http://www.yakup.com/news/index.html?mode=view&cat=16&nid=288423,,,
티르제파타이드,치매,Nature,2026-05,1,1,"[조선비즈] [Why] “비만 다음은 치매” 릴리, 5조원에 백신 기업 사들인 이유는",https://biz.chosun.com/science-chosun/bio/2026/05/27/43GIXCQTLVEKXMC47DTBWT6Q4A,,,
티르제파타이드,췌장염,BMJ,2026-04,1,1,"[뉴스1] ""GLP-1 비만치료제, 췌장염 위험 증가 없어…초기만 주의해야"" [저널톡]",https://www.news1.kr/bio/general/6153040,,,
티르제파타이드,자살,The Lancet,2026-01,1,1,"[www.etoday.co.kr] 비만치료제·진통제 타이레놀, ‘부작용’ 오명 벗었다",https://www.etoday.co.kr/news/view/2546921,,,
티르제파타이드,간,JAMA,2025-11,1,1,[헬스조선] 임신 계획 있으면 ‘비만약’ 맞지 말아야 하나… ‘이런 문제’ 생길 ...,https://health.chosun.com/site/data/html_dir/2025/11/25/2025112503575.html,,,
티르제파타이드,당뇨,The Lancet,2025-06,1,1,"[메디게이트뉴스] 노보와 릴리가 美당뇨병학회에서 발표한 비만 데이터…카그리세마, 22.7...",https://www.medigatenews.com/news/906286854,,,
티르제파타이드,당뇨,Nature,2025-06,1,1,"[www.youthdaily.co.kr] [인터뷰] GLP-1, 의료계를 뒤흔들다…비만·당뇨 넘어 ‘만병통치약’ ...",https://www.youthdaily.co.kr/news/article.html?no=186425,,,
티르제파타이드,암,The Lancet,2025-05,1,1,"[동아일보] “체중 감량 주사, 비만 관련 13가지 암 위험 50% 가까이 줄여”",https://www.donga.com/news/Health/article/all/20250513/131591725/2,,,
티르제파타이드,자살,JAMA,2025-03,1,1,"[코메디닷컴] 비만 주사 맞고 우울?…“GLP-1 약물, 자살 위험 근거 없어”",https://kormedi.com?p=2708333,,,
티르제파타이드,우울,JAMA,2025-03,1,1,"[코메디닷컴] 비만 주사 맞고 우울?…“GLP-1 약물, 자살 위험 근거 없어”",https://kormedi.com?p=2708333,,,
티르제파타이드,치매,Nature Medicine,2025-01,1,1,"[헬스조선] ""GLP-1, 치매 위험 낮추지만 관절통·소화기질환 위험 높여""",https://health.chosun.com/site/data/html_dir/2025/01/24/2025012401646.html,,,
티르제파타이드,당뇨,JAMA,2024-06,1,1,"[메디칼타임즈] 터제파타이드, 아시아인 효과 확인…최대 17.5% 감량",https://www.medicaltimes.com/Main/News/NewsView.html?ID=1159051&ref=naverpc,,,
티르제파타이드,당뇨,The Lancet,2024-06,1,1,[한국경제] 비만약 불티나더니…노보노디스크 美공장 증설 5조원 투입,https://www.hankyung.com/article/202406258757i,,,
티르제파타이드,당뇨,NEJM,2023-11,1,1,"[메디게이트뉴스] 노보·릴리, GLP-1 비만약 덕에 생산시설 계속 확장…다음 후보물질도 3...",https://www.medigatenews.com/news/1705235540,,,
GLP-1,시력,JAMA,2026-09,1,1,[www.etnews.com] “눈앞이 갑자기 캄캄”…GLP-1 비만약 맞은 환자들 '시력 손상' 줄소송,https://www.etnews.com/20260921000261,,,
GLP-1,실명,JAMA Ophthalmology,2026-09,1,1,[www.m-i.kr] 비만치료제 복용으로 '실명' 의혹 제기… 글로벌 제약사 상대로 소송 확...,https://www.m-i.kr/news/articleView.html?idxno=1416668,,,
GLP-1,탈모,Nature,2026-09,1,1,"[하이닥] GLP-1, 살만 빼는 게 아니다?... 최신 연구에서 드러난 뜻밖의 효과들 사...",https://news.hidoc.co.kr/news/articleView.html?idxno=68202,,,
GLP-1,탈모,Science,2026-09,1,1,[www.dt.co.kr] 비만 치료제 잘못 썼다간 ‘낭패’…남성 탈모 위험 7% 높아,https://www.dt.co.kr/article/12082206?ref=naver,,,
GLP-1,당뇨,The Lancet,2026-10,1,1,[팜뉴스] 살 빠질 때 근육 손실 막나…리제네론 '트레보그루맙' 병용 임상 확인,https://www.pharmnews.com/news/articleView.html?idxno=306650,,,
GLP-1,시력,JAMA Ophthalmology,2026-09,1,1,[이데일리] “위고비 맞고 시력 잃었다” 릴리·노보 美 소송전...과학적 근거 따져...,https://www.edaily.co.kr/News/Read?newsId=02715846645582088&mediaCodeNo=257,,,
GLP-1,간,JAMA Ophthalmology,2026-09,1,1,[이데일리] “위고비 맞고 시력 잃었다” 릴리·노보 美 소송전...과학적 근거 따져...,https://www.edaily.co.kr/News/Read?newsId=02715846645582088&mediaCodeNo=257,,,
GLP-1,췌장염,BMJ,2026-04,1,1,"[뉴스1] ""GLP-1 비만치료제, 췌장염 위험 증가 없어…초기만 주의해야"" [저널톡]",https://www.news1.kr/bio/general/6153040,,,
GLP-1,당뇨,BMJ,2026-04,1,1,"[뉴스1] ""GLP-1 비만치료제, 췌장염 위험 증가 없어…초기만 주의해야"" [저널톡]",https://www.news1.kr/bio/general/6153040,,,
GLP-1,당뇨,Nature,2026-04,1,1,[www.apsk.co.kr] 고령 당뇨약 안전성 '뚜렷한 차이'…GLP-1·SGLT2 주목,https://www.apsk.co.kr/news/articleView.html?idxno=539158,,,
GLP-1,당뇨,JAMA Ophthalmology,2026-04,1,1,"[아시아경제] 당뇨 치료 패러다임 전환…안질환 부작용 논란 ""신중 해석""",https://view.asiae.co.kr/article/2026041416072225821,,,
GLP-1,심장,BMJ,2026-08,1,1,"[헬스조선] 비만 치료제, 심장마비·감염 입원 위험도 낮췄다",https://health.chosun.com/site/data/html_dir/2026/08/10/2026081002038.html,,,
GLP-1,사망,BMJ,2026-08,1,1,"[하이닥] 비만치료제 속 '이 성분', 제2형 당뇨·심혈관질환 사망 위험 45%↓",https://news.hidoc.co.kr/news/articleView.html?idxno=65962,,,
GLP-1,당뇨,Neurology,2026-08,1,1,[히트뉴스] 당뇨와 비만 치료제 성분 세마글루타이드 '발작도 방지',https://www.hitnews.co.kr/news/articleView.html?idxno=78028,,,
GLP-1,간,Neurology,2026-07,1,1,"[www.getnews.co.kr] 당뇨·비만 치료제 세마글루타이드, 성인 뇌 발작 예방 효과 확인",https://www.getnews.co.kr/news/articleView.html?idxno=875908,,,
GLP-1,암,Nature,2026-07,1,1,"[데일리팜] 존재감 커진 K-바이오…국제학술지, 한미·SK바팜 혁신성 주목",https://new.dailypharm.com/user/news/340047?REFERER=NP,,,
GLP-1,당뇨,JAMA Ophthalmology,2026-09,1,1,[이데일리] “위고비 맞고 시력 잃었다” 릴리·노보 美 소송전...과학적 근거 따져...,https://www.edaily.co.kr/News/Read?newsId=02715846645582088&mediaCodeNo=257,,,
GLP-1,당뇨,JAMA,2026-02,1,1,"[www.womaneconomy.co.kr] 비만약 GLP-1, 호르몬제 병용 시 자궁내막암 위험 66% 감소",https://www.womaneconomy.co.kr/news/articleView.html?idxno=250209,,,
GLP-1,사망,BMJ,2026-03,1,1,"[팜뉴스] '비만약' GLP-1, 마약·알코올 중독 예방하고 관련 사망률 50% 낮췄다",https://www.pharmnews.com/news/articleView.html?idxno=301846,,,
GLP-1,당뇨,BMJ,2026-03,1,1,"[팜뉴스] '비만약' GLP-1, 마약·알코올 중독 예방하고 관련 사망률 50% 낮췄다",https://www.pharmnews.com/news/articleView.html?idxno=301846,,,
GLP-1,심근경색,BMJ,2026-03,1,1,[한국일보] 비만 치료제 중단하면 심근경색·뇌졸중 위험 커진다,https://www.hankookilbo.com/news/article/A2026032009320002076?did=NA,,,
GLP-1,뇌졸중,BMJ,2026-03,1,1,[한국일보] 비만 치료제 중단하면 심근경색·뇌졸중 위험 커진다,https://www.hankookilbo.com/news/article/A2026032009320002076?did=NA,,,
GLP-1,뇌졸중,Neurology,2026-07,1,1,[파이낸셜뉴스] 비만약 '세마글루타이드' 성인발병 발작 위험 낮출 가능성 확인,http://www.fnnews.com/news/202607231118441210,,,
GLP-1,심장,Nature,2026-07,1,1,"[헬스조선] 비만약 vs 운동, 살 뺀 사람들 ‘혈관 건강’ 비교했더니",https://health.chosun.com/site/data/html_dir/2026/07/09/2026070902951.html,,,
GLP-1,간,JAMA,2026-06,1,1,"[헬스조선] 중국산 비만약, 살은 잘 빼주지만 무시 못 할 부작용이…",https://health.chosun.com/site/data/html_dir/2026/06/08/2026060802456.html,,,
GLP-1,당뇨,JAMA,2026-06,1,1,"[헬스조선] 중국산 비만약, 살은 잘 빼주지만 무시 못 할 부작용이…",https://health.chosun.com/site/data/html_dir/2026/06/08/2026060802456.html,,,
GLP-1,암,The Lancet,2026-05,1,1,"[문화일보] 암·심혈관질환·알코올중독까지…비만약, 사실상 만병통치약?",https://www.munhwa.com/article/11592287?ref=naver,,,
GLP-1,골절,Nature,2026-04,1,1,"[하이닥] '뼈말라' 열풍에 비만약 처방까지… 2030 여성, 살 대신 건강 잃는다",https://news.hidoc.co.kr/news/articleView.html?idxno=60787,,,
GLP-1,간,The Lancet,2026-03,1,1,[팜뉴스] 먹는 당뇨·비만약 임상 결과 잇단 공개… 제약사 간 신약 개발 경쟁 본...,https://www.pharmnews.com/news/articleView.html?idxno=301762,,,
GLP-1,당뇨,The Lancet,2026-03,1,1,[팜뉴스] 먹는 당뇨·비만약 임상 결과 잇단 공개… 제약사 간 신약 개발 경쟁 본...,https://www.pharmnews.com/news/articleView.html?idxno=301762,,,
GLP-1,알츠하이머,Nature,2025-11,1,1,[한국경제] 당뇨·심혈관·알츠하이머에도 효과…만병통치약으로 진화,https://www.hankyung.com/article/2025111200971,,,
GLP-1,당뇨,Nature,2025-11,1,1,[한국경제] 당뇨·심혈관·알츠하이머에도 효과…만병통치약으로 진화,https://www.hankyung.com/article/2025111200971,,,
GLP-1,간,NEJM,2025-10,1,1,"[www.catchnews.kr] '최대 30% 체중감소' 한미약품 ""GLP-1 비만약, 연내 허가신청""",https://www.catchnews.kr/news/articleView.html?idxno=115965,,,
PPI,사망,Neurology,2025-07,1,1,[메디칼타임즈] 어떤 약이 파킨슨병 사망 8년 낮췄나?...스타틴 PPI 등 23종,https://www.medicaltimes.com/Main/News/NewsView.html?ID=1164427&ref=naverpc,,,
PPI,간,Gut,2026-01,1,1,"[www.goodkyung.com] 온코닉 '자큐보', 위궤양 임상 3상 결과 국제학술지 게재",https://www.goodkyung.com/news/articleView.html?idxno=281344,,,
PPI,암,BMJ,2020-10,1,1,[메디칼업저버] PPI 부작용 엎친 데 덮친 격…T2DM 위험 추가,http://www.monews.co.kr/news/articleView.html?idxno=214163,,,
PPI,골절,BMJ,2020-10,1,1,[메디칼업저버] PPI 부작용 엎친 데 덮친 격…T2DM 위험 추가,http://www.monews.co.kr/news/articleView.html?idxno=214163,,,
피나스테리드,자살,Journal of Clinical Psychiatry,2025-09,1,1,"[인사이트] '남성 탈모 치료제' 피나스테리드, '우울증·자살 충동' 유발 가능성 높...",https://www.insight.co.kr/news/522554,,,
피나스테리드,우울,Journal of Clinical Psychiatry,2025-09,1,1,"[인사이트] '남성 탈모 치료제' 피나스테리드, '우울증·자살 충동' 유발 가능성 높...",https://www.insight.co.kr/news/522554,,,
피나스테리드,탈모,Nature,2026-02,1,1,"[www.biotimes.co.kr] KAIST, 모자처럼 쓰는 탈모 치료기 개발… 光치료 기술, 탈모 치료의 패...",http://www.biotimes.co.kr/news/articleView.html?idxno=26823,,,
피나스테리드,자살,JAMA,2026-06,1,1,[헬스조선] 트럼프 검진 보고서에 ‘탈모약’ 고의 누락 논란… 대체 왜?,https://health.chosun.com/site/data/html_dir/2026/06/08/2026060802879.html,,,
피나스테리드,우울,JAMA,2026-06,1,1,[헬스조선] 트럼프 검진 보고서에 ‘탈모약’ 고의 누락 논란… 대체 왜?,https://health.chosun.com/site/data/html_dir/2026/06/08/2026060802879.html,,,
피나스테리드,탈모,BMJ,2026-09,1,1,"[www.joseilbo.com] ""다이어트 약 먹었더니 머리숱이""…GLP-1 변수 속 유통가 두피케어 확대",http://www.joseilbo.com/news/news_read.php?uid=575820&class=17&grp=,,,
피나스테리드,탈모,NEJM,2025-12,1,1,"[www.sportschosun.com] 고혈압·탈모약 복용 남성, 가슴이 커졌다…'여성형 유방' 부작용",https://www.sportschosun.com/life/2025-12-29/202512290100159720024421,,,
피나스테리드,탈모,Science,2020-09,1,1,"[메디파나뉴스] GSK 탈모약 `아보다트`, 메타분석 통해 상대적 효용성 입증",http://medipana.com/news/news_viewer.asp?NewsNum=263178&MainKind=A&NewsKind=5&vCount=12&vKind=1,,,
피나스테리드,탈모,Nature,2022-12,1,1,[www.skyedaily.com] 쏟아지는 탈모특효제… 머리 싸맨 1000만 명 ‘희망 쑥쑥’,http://www.skyedaily.com/news/news_view.html?ID=175526,,,
피나스테리드,탈모,JAMA,2025-03,1,1,"[동아일보] 탈모 치료제 미녹시딜, 알약과 바르는약 어느 것이 좋을까?",https://www.donga.com/news/Health/article/all/20250321/131252344/2,,,
피나스테리드,탈모,JAMA,2022-02,1,1,[헬스조선] 남성 탈모에 가장 효과적인 치료제는?,https://health.chosun.com/site/data/html_dir/2022/02/15/2022021502044.html,,,
피나스테리드,성기능,Nature,2022-01,1,1,"[www.newstomato.com] ""바이오니아, JP모건 컨퍼런스서 탈모치료 후보물질 성황리 공개""-현대...",http://www.newstomato.com/ReadNews.aspx?no=1099918&inflow=N,,,
피나스테리드,탈모,Nature,2017-08,1,1,"[www.econovill.com] 줄기세포, 탈모인에게 희망될까?",http://www.econovill.com/news/articleView.html?idxno=321014,,,
스타틴,인지,The Lancet,2026-04,1,1,[조선일보] [Dr.이은봉의 의학 연구 다이제스트] 고지혈증 약 ‘스타틴’ 설명서에...,https://www.chosun.com/medical/2026/04/09/6VDBKPZF6RDXVJPPIGNPUEAKOM,,,
스타틴,심장,Science,2026-02,1,1,"[조선비즈] [사이언스샷] 콜레스테롤 낮추는 스타틴, 부작용 우려 근거 없다",https://biz.chosun.com/science-chosun/medicine-health/2026/02/07/EXEDX727FJFALC5IOZIB74KSRQ,,,
스타틴,뇌졸중,Science,2026-02,1,1,"[조선비즈] [사이언스샷] 콜레스테롤 낮추는 스타틴, 부작용 우려 근거 없다",https://biz.chosun.com/science-chosun/medicine-health/2026/02/07/EXEDX727FJFALC5IOZIB74KSRQ,,,
스타틴,알츠하이머,The Lancet,2026-07,1,1,[www.sciencetimes.co.kr] 스타틴이 치매 유발한다고?,https://www.sciencetimes.co.kr/news/sn/262140,,,
스타틴,뇌졸중,JAMA,2026-04,1,1,"[뉴시스] 뇌졸중, 같은약 썼는데 효과는 '제각각'…""이유 밝힌다""",https://www.newsis.com/view/NISX20260417_0003595129,,,
스타틴,출혈,JAMA,2026-04,1,1,"[뉴시스] 뇌졸중, 같은약 썼는데 효과는 '제각각'…""이유 밝힌다""",https://www.newsis.com/view/NISX20260417_0003595129,,,
스타틴,치매,NEJM,2026-09,1,1,"[www.medical-tribune.co.kr] 스타틴, 70세 이상도 심혈관사고 30% 억제",http://www.medical-tribune.co.kr/news/articleView.html?idxno=215033,,,
스타틴,당뇨,NEJM,2026-09,1,1,"[www.medical-tribune.co.kr] 스타틴, 70세 이상도 심혈관사고 30% 억제",http://www.medical-tribune.co.kr/news/articleView.html?idxno=215033,,,
스타틴,심근경색,The Lancet,2026-07,1,1,"[헬스조선] 옥스퍼드대 연구팀, ‘스타틴 부작용’ 예측 도구 개발",https://health.chosun.com/site/data/html_dir/2026/07/10/2026071001204.html,,,
스타틴,뇌졸중,The Lancet,2026-07,1,1,"[헬스조선] 옥스퍼드대 연구팀, ‘스타틴 부작용’ 예측 도구 개발",https://health.chosun.com/site/data/html_dir/2026/07/10/2026071001204.html,,,
스타틴,치매,The Lancet,2026-04,1,1,"[하이닥] ""근육 녹이고 치매 부른다""… 고지혈증 약 '스타틴 부작용 괴담' 사실일...",https://news.hidoc.co.kr/news/articleView.html?idxno=60881,,,
스타틴,심장,NEJM,2026-04,1,1,"[팜뉴스] 유한양행, 미국심장학회 발표 및 NEJM 게재 'Ez-PAVE' 연구 성과 공유",https://www.pharmnews.com/news/articleView.html?idxno=302636,,,
스타틴,암,JAMA,2025-08,1,1,[메디칼타임즈] 고지혈증약 스타틴 '항암제' 가능성…전립선암 사망 절반↓,https://www.medicaltimes.com/Main/News/NewsView.html?ID=1164971&ref=naverpc,,,
스타틴,사망,JAMA,2025-08,1,1,[메디칼타임즈] 고지혈증약 스타틴 '항암제' 가능성…전립선암 사망 절반↓,https://www.medicaltimes.com/Main/News/NewsView.html?ID=1164971&ref=naverpc,,,
스타틴,암,JAMA Internal Medicine,2025-03,1,1,"[팜뉴스] ""스타틴, 간암 발생 위험 절반으로 낮춘다...하버드·아산병원 연구""",https://www.pharmnews.com/news/articleView.html?idxno=258572,,,
스타틴,간,JAMA Internal Medicine,2025-03,1,1,"[팜뉴스] ""스타틴, 간암 발생 위험 절반으로 낮춘다...하버드·아산병원 연구""",https://www.pharmnews.com/news/articleView.html?idxno=258572,,,
스타틴,사망,Neurology,2025-07,1,1,[메디칼타임즈] 어떤 약이 파킨슨병 사망 8년 낮췄나?...스타틴 PPI 등 23종,https://www.medicaltimes.com/Main/News/NewsView.html?ID=1164427&ref=naverpc,,,
스타틴,심장,JAMA,2023-08,1,1,"[뉴스1] 한미약품 “이상지질혈증 치료제, 동맥경화 환자에도 유익”",https://www.news1.kr/articles/5144130,,,
스타틴,당뇨,JAMA Ophthalmology,2026-04,1,1,"[아시아경제] 당뇨 치료 패러다임 전환…안질환 부작용 논란 ""신중 해석""",https://view.asiae.co.kr/article/2026041416072225821,,,
스타틴,알츠하이머,The Lancet,2026-09,1,1,"[www.sportschosun.com] ""경도인지장애, 치매 확정이 아닌 '원인' 찾아 바꾸는 시기""",https://www.sportschosun.com/life/2026-09-18/202609180100126710008192,,,
스타틴,치매,Neurology,2025-08,1,1,"[세계일보] 비만, 고지혈증, 당뇨 등 ‘대사증후군 5관왕’… 치매 위험 70% 증가 [필...",http://www.segye.com/newsView/20250808508936?OutUrl=naver,,,
스타틴,당뇨,Neurology,2025-08,1,1,"[세계일보] 비만, 고지혈증, 당뇨 등 ‘대사증후군 5관왕’… 치매 위험 70% 증가 [필...",http://www.segye.com/newsView/20250808508936?OutUrl=naver,,,
스타틴,간,The Lancet,2024-02,1,1,[www.sentv.co.kr] 1월 최대 원외처방 의약품은 한미약품 고지혈증약 ‘로수젯’,http://www.sentv.co.kr/news/view/679451,,,
스타틴,심근경색,NEJM,2026-09,1,1,"[아시아경제] 세브란스 심장내과, 9개월간 'NEJM'에 논문 4편 게재",https://view.asiae.co.kr/article/2026093010464389080,,,
스타틴,간,JAMA,2026-09,1,1,[www.imaeil.com] 급성 담낭염 10년 새 61% 급증… 명절 체기와 갈림길은 '6시간',https://www.imaeil.com/page/view/2026092618572863586,,,
스타틴,간,NEJM,2026-05,1,1,"[팜뉴스] 릴리 유전자 신약 '버브', 1회 투여로 콜레스테롤 62% 감소",https://www.pharmnews.com/news/articleView.html?idxno=303728,,,
스타틴,간,The Lancet,2026-02,1,1,"[한국일보] 고지혈증약 스타틴, 부작용이 60여 개? 연구진 ""근거 없다""",https://www.hankookilbo.com/news/article/A2026020614340004231?did=NA,,,
스타틴,치매,Neurology,2026-05,1,1,"[헬스조선] 콜레스테롤 수치 낮추는 약, 치매 예방 효과도 있을까?",https://health.chosun.com/site/data/html_dir/2026/05/04/2026050402284.html,,,
스타틴,당뇨,The Lancet,2026-04,1,1,"[www.medisobizanews.com] ""혈압ㆍ흡연ㆍ콜레스테롤ㆍ당뇨병ㆍ체질량지수가 심혈관질환 절반""",http://www.medisobizanews.com/news/articleView.html?idxno=138010,,,
스타틴,간,NEJM,2026-03,1,1,"[하이닥] 심뇌혈관 질환자, 나쁜 콜레스테롤 목표치 '55 미만' 으로 낮춰야...재발...",https://news.hidoc.co.kr/news/articleView.html?idxno=60449,,,
스타틴,심근경색,NEJM,2026-04,1,1,"[www.ikunkang.com] LDL 콜레스테롤 더 낮출수록 효과…55mg/dL 미만 목표, 심혈관 사건 30% ...",https://www.ikunkang.com/news/articleView.html?idxno=50720,,,
스타틴,뇌졸중,NEJM,2026-04,1,1,"[www.ikunkang.com] LDL 콜레스테롤 더 낮출수록 효과…55mg/dL 미만 목표, 심혈관 사건 30% ...",https://www.ikunkang.com/news/articleView.html?idxno=50720,,,
스타틴,간,BMJ,2026-09,1,1,"[뉴시스] 효연, 발리서 뽐낸 비키니 몸매…다이어트 비법 '간헐적 단식' 효과는",https://www.newsis.com/view/NISX20260926_0003803663,,,
스타틴,심장,Science,2026-09,1,1,"[헬스조선] 지방 많다고 피했는데… 땅콩, 심장엔 오히려 좋았다",https://health.chosun.com/site/data/html_dir/2026/09/17/2026091702469.html,,,
스타틴,간,Nature,2026-01,1,1,[헤럴드경제] “딱 이틀 먹었을 뿐인데” 나쁜 콜레스테롤 뚝 떨어뜨린 ‘리셋’ 식단,https://biz.heraldcorp.com/article/10666535?ref=naver,,,
스타틴,간,Nature,2026-02,1,1,[서울경제] 딱 이틀만 먹었는데 콜레스테롤 수치 ‘뚝’…뱃살까지 잡는 ‘이것’ ...,https://www.sedaily.com/article/20003218?ref=naver,,,
스타틴,심장,JAMA,2025-11,1,1,"[www.etnews.com] “망막 혈관 밀도 낮은 그룹, 죽상경화 위험 최대 3배 높아”…서울아산...",https://www.etnews.com/20251103000129,,,
메트포르민,당뇨,JAMA Ophthalmology,2026-04,1,1,"[아시아경제] 당뇨 치료 패러다임 전환…안질환 부작용 논란 ""신중 해석""",https://view.asiae.co.kr/article/2026041416072225821,,,
메트포르민,당뇨,NEJM,2026-02,1,1,[메디칼업저버] 국내 60~69세 절반이 당뇨병전단계,https://www.monews.co.kr/news/articleView.html?idxno=409735,,,
메트포르민,사망,JAMA,2023-12,1,1,"[의협신문] 임신 중 당뇨병에 메트포르민 ""신생아 부작용 못 줄여""",http://www.doctorsnews.co.kr/news/articleView.html?idxno=152594,,,
메트포르민,당뇨,JAMA,2023-12,1,1,"[의협신문] 임신 중 당뇨병에 메트포르민 ""신생아 부작용 못 줄여""",http://www.doctorsnews.co.kr/news/articleView.html?idxno=152594,,,
메트포르민,사망,JAMA,2026-08,1,1,[www.lcnews.co.kr] 당뇨병 진단 후 3개월 내 약물치료…5년 사망 위험 69% 낮아,https://www.lcnews.co.kr/news/articleView.html?idxno=207129,,,
메트포르민,당뇨,JAMA,2026-08,1,1,[www.lcnews.co.kr] 당뇨병 진단 후 3개월 내 약물치료…5년 사망 위험 69% 낮아,https://www.lcnews.co.kr/news/articleView.html?idxno=207129,,,
메트포르민,당뇨,JAMA Ophthalmology,2025-09,1,1,"[팜뉴스] 2형 당뇨약 대표 '메트포르민', 노인성 황반변성 예방 효과 '글쎄'",https://www.pharmnews.com/news/articleView.html?idxno=263272,,,
메트포르민,암,JAMA,2024-07,1,1,"[www.wowtv.co.kr] ""비만약인데, 당뇨 환자 암 위험 낮춘다""",http://www.wowtv.co.kr/NewsCenter/News/Read?articleId=A202407060033&t=NN,,,
메트포르민,당뇨,JAMA,2024-07,1,1,"[www.wowtv.co.kr] ""비만약인데, 당뇨 환자 암 위험 낮춘다""",http://www.wowtv.co.kr/NewsCenter/News/Read?articleId=A202407060033&t=NN,,,
메트포르민,사망,The Lancet,2021-01,1,1,"[팜뉴스] NDMA로 체면 구긴 메트포르민, 코로나19로 기사회생?",http://www.pharmnews.com/news/articleView.html?idxno=102174,,,
메트포르민,당뇨,BMJ,2026-09,1,1,[헬스조선] “잡곡밥 먹는데 혈당 왜 높지?” 치명적인 ‘실수’하는 중,https://health.chosun.com/site/data/html_dir/2026/09/23/2026092303443.html,,,
메트포르민,당뇨,Nature,2025-12,1,1,"[팜뉴스] 성인 1형 당뇨 메트포르민, 저항성 개선 안돼도 인슐린은 감소",https://www.pharmnews.com/news/articleView.html?idxno=300070,,,
메트포르민,암,The Lancet,2025-08,1,1,"[청년의사] 당뇨약 '메트포르민', 항암 보조제로서 시험대 오르다",http://www.docdocdoc.co.kr/news/articleView.html?idxno=3031347,,,
메트포르민,당뇨,The Lancet,2025-08,1,1,"[청년의사] 당뇨약 '메트포르민', 항암 보조제로서 시험대 오르다",http://www.docdocdoc.co.kr/news/articleView.html?idxno=3031347,,,
메트포르민,신장,Nature,2025-09,1,1,[www.ggilbo.com] 대전성모병원 홍유아 교수 국제학술지 논문 게재,https://www.ggilbo.com/news/articleView.html?idxno=1110876,,,
메트포르민,간,Nature,2025-09,1,1,[www.ggilbo.com] 대전성모병원 홍유아 교수 국제학술지 논문 게재,https://www.ggilbo.com/news/articleView.html?idxno=1110876,,,
메트포르민,간,The Lancet,2025-05,1,1,"[메디칼타임즈] 당뇨병 예방, 생활습관 개선이 메트포르민보다 효과 커",https://www.medicaltimes.com/Main/News/NewsView.html?ID=1163732&ref=naverpc,,,
메트포르민,당뇨,The Lancet,2025-05,1,1,"[메디칼타임즈] 당뇨병 예방, 생활습관 개선이 메트포르민보다 효과 커",https://www.medicaltimes.com/Main/News/NewsView.html?ID=1163732&ref=naverpc,,,
메트포르민,간,JAMA,2023-10,1,1,"[메디칼타임즈] 임신성 당뇨병에 메트포르민, 혈당 개선효과 없어",https://www.medicaltimes.com/Main/News/NewsView.html?ID=1155919&ref=naverpc,,,
메트포르민,당뇨,JAMA,2023-10,1,1,"[메디칼타임즈] 임신성 당뇨병에 메트포르민, 혈당 개선효과 없어",https://www.medicaltimes.com/Main/News/NewsView.html?ID=1155919&ref=naverpc,,,
메트포르민,당뇨,The Lancet,2023-09,1,1,"[히트뉴스] ""한국·서양 당뇨 환자 특성 달라…자누비아·메트포르민 병용 추천""",http://www.hitnews.co.kr/news/articleView.html?idxno=48119,,,
메트포르민,당뇨,JAMA,2023-04,1,1,[메디칼타임즈] 메트포르민 새 효용…골관절염 발병 위험 감소,https://www.medicaltimes.com/Main/News/NewsView.html?ID=1153299&ref=naverpc,,,
메트포르민,당뇨,NEJM,2022-09,1,1,[메디칼타임즈] 메트포르민과 병용 궁합은? 리라글루타이드가 '최적',https://www.medicaltimes.com/Main/News/NewsView.html?ID=1149596&ref=naverpc,,,
메트포르민,암,JAMA,2022-05,1,1,"[메디칼타임즈] 유방암 표준요법에 메트포르민 병합…""생존율에 영향 없어""",https://www.medicaltimes.com/Main/News/NewsView.html?ID=1147607&ref=naverpc,,,
메트포르민,당뇨,JAMA,2022-05,1,1,"[메디칼타임즈] 유방암 표준요법에 메트포르민 병합…""생존율에 영향 없어""",https://www.medicaltimes.com/Main/News/NewsView.html?ID=1147607&ref=naverpc,,,
메트포르민,당뇨,The Lancet,2020-11,1,1,"[메디칼타임즈] 임산부 당뇨병 환자에 메트포르민 처방 ""대체로 안전""",http://www.medicaltimes.com/Users/News/NewsView.html?mode=view&ID=1137296&REFERER=NP,,,
메트포르민,당뇨,Diabetes Care,2019-04,1,1,[메디칼타임즈] 메트포르민의 재발견...CVD 예방 효과 이어 체중감소 주목,http://www.medicaltimes.com/Users/News/NewsView.html?mode=view&ID=1126045&REFERER=NP,,,
메트포르민,암,Science,2017-06,1,1,"[데일리팜] 당뇨약 '메트포르민', 자폐증과 암에도 효능 기대",http://www.dailypharm.com/News/227122,,,
메트포르민,자폐,Science,2017-06,1,1,"[데일리팜] 당뇨약 '메트포르민', 자폐증과 암에도 효능 기대",http://www.dailypharm.com/News/227122,,,
메트포르민,암,BMJ,2016-03,1,1,"[app.yonhapnews.co.kr] 당뇨약 피오글리타존 ""방광암 위험↑"" 새 주장",http://app.yonhapnews.co.kr/YNA/Basic/SNS/r.aspx?c=AKR20160331161400017&did=1195m,,,
메트포르민,시력,BMJ,2016-03,1,1,"[app.yonhapnews.co.kr] 당뇨약 피오글리타존 ""방광암 위험↑"" 새 주장",http://app.yonhapnews.co.kr/YNA/Basic/SNS/r.aspx?c=AKR20160331161400017&did=1195m,,,
메트포르민,심장,BMJ,2026-08,1,1,[약사공론] 이 당뇨약 먹었더니… 심장마비 위험 33% 낮췄다,https://www.kpanews.co.kr/news/articleView.html?idxno=540941,,,
메트포르민,당뇨,BMJ,2026-08,1,1,[약사공론] 이 당뇨약 먹었더니… 심장마비 위험 33% 낮췄다,https://www.kpanews.co.kr/news/articleView.html?idxno=540941,,,
메트포르민,당뇨,Nature,2026-09,1,1,"[하이닥] GLP-1, 살만 빼는 게 아니다?... 최신 연구에서 드러난 뜻밖의 효과들 사...",https://news.hidoc.co.kr/news/articleView.html?idxno=68202,,,
메트포르민,당뇨,JAMA,2026-04,1,1,[www.medical-tribune.co.kr] 당뇨약 평가기준 혈관장애 넘어 감염억제,http://www.medical-tribune.co.kr/news/articleView.html?idxno=213561,,,
메트포르민,당뇨,The Lancet,2026-09,1,1,"[약사공론] 당뇨약 먹고 생길 수 있는 위험...""감염·수술 겪었다면 주의""",https://www.kpanews.co.kr/news/articleView.html?idxno=542389,,,
메트포르민,간,The Lancet,2026-06,1,1,[팜뉴스] 아스트라제네카 경구 비만·당뇨약 임상 2상 결과 공개,https://www.pharmnews.com/news/articleView.html?idxno=304061,,,
메트포르민,당뇨,The Lancet,2026-06,1,1,[팜뉴스] 아스트라제네카 경구 비만·당뇨약 임상 2상 결과 공개,https://www.pharmnews.com/news/articleView.html?idxno=304061,,,
메트포르민,간,Nature,2025-03,1,1,[메디칼타임즈] 치료제 없는 MASLD…당뇨약 GLP-1 구원투수 되나,https://www.medicaltimes.com/Main/News/NewsView.html?ID=1162706&ref=naverpc,,,
메트포르민,당뇨,Nature,2025-03,1,1,[메디칼타임즈] 치료제 없는 MASLD…당뇨약 GLP-1 구원투수 되나,https://www.medicaltimes.com/Main/News/NewsView.html?ID=1162706&ref=naverpc,,,
메트포르민,당뇨,Science,2024-04,1,1,[www.medisobizanews.com] 염증유발 '리지스틴'이 당뇨병 행동대장…새 당뇨약 개발 '힌트',http://www.medisobizanews.com/news/articleView.html?idxno=115499,,,
메트포르민,간,Neurology,2023-02,1,1,[www.joseilbo.com] 당뇨약 '피오글리타존' 치매 위험성 낮춰...10년간 추적 관찰 결과,http://www.joseilbo.com/news/news_read.php?uid=478754&class=33&grp=,,,
메트포르민,당뇨,Neurology,2023-02,1,1,"[헬스조선] 당뇨약 ‘피오글리타존’, 치매 위험 낮춘다",https://health.chosun.com/site/data/html_dir/2023/02/16/2023021600972.html,,,
메트포르민,당뇨,JAMA,2018-08,1,1,"[메디칼타임즈] 고개든 제2형 당뇨약 피부 부작용…국내 ""드문 사례""",http://www.medicaltimes.com/News/1120476,,,
아스피린,암,JAMA,2026-02,1,1,[메디컬투데이] 아스피린 복용해도 암 예방 효과 없어,https://mdtoday.co.kr/news/view/1065593623830420,,,
아스피린,출혈,JAMA,2026-02,1,1,[메디컬투데이] 아스피린 복용해도 암 예방 효과 없어,https://mdtoday.co.kr/news/view/1065593623830420,,,
아스피린,시력,NEJM,2026-01,1,1,[팜뉴스] '눈 중풍'에 테넥테플라제 효과 없어...아스피린과 차이 미미,https://www.pharmnews.com/news/articleView.html?idxno=301178,,,
아스피린,출혈,NEJM,2026-01,1,1,[팜뉴스] '눈 중풍'에 테넥테플라제 효과 없어...아스피린과 차이 미미,https://www.pharmnews.com/news/articleView.html?idxno=301178,,,
아스피린,암,JAMA,2025-10,1,1,[서울신문] “아스피린 매일 먹으면 암 예방” 사람마다 달랐다…이런 사람은 ‘독...,https://www.seoul.co.kr/news/life/health-news/2025/10/02/20251002500330?wlog_tag3=naver,,,
아스피린,심근경색,NEJM,2026-09,1,1,[뉴스1] 세브란스 심장내과 논문 4편 'NEJM' 게재…9개월여 연구 성과,https://www.news1.kr/bio/welfare-medical/6305914,,,
아스피린,암,The Lancet,2010-12,1,1,"[아시아경제] 英 연구팀, ""아스피린, 암 사망위험 낮춰""",http://www.asiae.co.kr/news/view.htm?idxno=2010120709080255399,,,
아스피린,사망,The Lancet,2010-12,1,1,"[아시아경제] 英 연구팀, ""아스피린, 암 사망위험 낮춰""",http://www.asiae.co.kr/news/view.htm?idxno=2010120709080255399,,,
아스피린,암,Nature,2018-06,1,1,"[news.bbsi.co.kr] ""아스피린, 위암 발병률 낮춘다""",http://news.bbsi.co.kr/news/articleView.html?idxno=885402,,,
아스피린,간,BMJ,2026-09,1,1,[헬스조선] “약 먹고 바로 누웠다간 식도 헐어”… 특히 조심할 약 세 가지,https://health.chosun.com/site/data/html_dir/2026/09/14/2026091402709.html,,,
아스피린,간,The Lancet,2026-07,1,1,"[www.medisobizanews.com] ""클로피도그렐, 아스피린 대비 심혈관질환 예방 효과 우수""",http://www.medisobizanews.com/news/articleView.html?idxno=140424,,,
아스피린,심근경색,The Lancet,2026-07,1,1,"[www.hansbiz.co.kr] 삼진제약 '플래리스', 아스피린比 심혈관 위험 14%↓",http://www.hansbiz.co.kr/news/articleView.html?idxno=851671,,,
아스피린,심장,The Lancet,2026-03,1,1,"[www.thefirstmedia.net] 서울성모병원 연구팀, 심장 중재시술 후 출혈위험 감소시키는 항혈소판...",http://www.thefirstmedia.net/news/articleView.html?idxno=195585,,,
아스피린,간,The Lancet,2026-03,1,1,"[www.thefirstmedia.net] 서울성모병원 연구팀, 심장 중재시술 후 출혈위험 감소시키는 항혈소판...",http://www.thefirstmedia.net/news/articleView.html?idxno=195585,,,
아스피린,출혈,The Lancet,2019-05,1,1,[한국일보] 먹을까 말까 의견 분분한 아스피린… 뇌출혈 재발 위험 낮춰,http://www.hankookilbo.com/news/npath/201905252089088555?did=NA,,,
아스피린,출혈,JAMA,2025-10,1,1,[경향신문] 나이 들어 눈에 ‘이 질환’ 생기면 아스피린·와파린 복용 주의··· 안...,https://www.khan.co.kr/article/202510161436011,,,
아스피린,간,NEJM,2025-09,1,1,[매일경제] 아스피린 매일 복용...대장암 재발 위험 절반으로,https://www.mk.co.kr/article/11423341,,,
아스피린,뇌졸중,The Lancet,2025-09,1,1,[서울경제] 심근경색·뇌졸중 위험 더 낮아… 아스피린보다 효과적이라는 이 약물,https://www.sedaily.com/NewsView/2GXQEUG302,,,
아스피린,심장,The Lancet,2025-09,1,1,[www.dongascience.com] '아스피린'보다 효과적인 심장병 예방 약 확인,https://www.dongascience.com/news/view/73790,,,
아스피린,간,The Lancet,2025-03,1,1,"[머니투데이] 혈관 스텐트 환자, 아스피린보다 더 좋은 '이 약'…심근경색 46% ↓",http://news.mt.co.kr/mtview.php?no=2025033110132850816,,,
아스피린,심장,The Lancet,2025-04,1,1,"[청년의사] ""스텐트 시술 관상동맥 환자 재발 방지, 아스피린 보다 클로피도그렐""",http://www.docdocdoc.co.kr/news/articleView.html?idxno=3027207,,,
아스피린,간,The Lancet,2025-04,1,1,"[청년의사] ""스텐트 시술 관상동맥 환자 재발 방지, 아스피린 보다 클로피도그렐""",http://www.docdocdoc.co.kr/news/articleView.html?idxno=3027207,,,
졸피뎀,알츠하이머,Science,2023-04,1,1,[서울신문] 수면제가 알츠하이머 위험 줄인다고? [사이언스 브런치],https://www.seoul.co.kr/news/newsView.php?id=20230421500048&wlog_tag3=naver,,,
졸피뎀,간,The Lancet,2025-10,1,1,[헬스조선] 수면제 끊었을 때 기대수명 어떻게 바뀔까?,https://health.chosun.com/site/data/html_dir/2025/10/30/2025103003666.html,,,
졸피뎀,신장,Science,2025-08,1,1,[www.ggmedinews.com] [앞선 의료 연구 현장] 파킨슨병과 장내 미생물 / 만성신장질환자 맞춤...,http://www.ggmedinews.com/news/articleView.html?idxno=5788,,,
졸피뎀,치매,Neurology,2023-04,1,1,[헬스조선] 수면제 성분이 치매 위험을 감소시킨다?,https://health.chosun.com/site/data/html_dir/2023/04/21/2023042102098.html,,,
항우울제,우울,Science,2015-04,1,1,"[app.yonhapnews.co.kr] 美연구팀 ""항우울제, 동맥경화 위험 높일수도""",http://app.yonhapnews.co.kr/YNA/Basic/SNS/r.aspx?c=AKR20150407082800009&did=1195m,,,
항우울제,우울,The Lancet,2026-05,1,1,"[하이닥] ""임신 중 항우울제가 자녀 자폐·ADHD 위험 높인다?""… 대규모 분석결과...",https://news.hidoc.co.kr/news/articleView.html?idxno=62506,,,
항우울제,자폐,The Lancet,2026-05,1,1,"[하이닥] ""임신 중 항우울제가 자녀 자폐·ADHD 위험 높인다?""… 대규모 분석결과...",https://news.hidoc.co.kr/news/articleView.html?idxno=62506,,,
항우울제,우울,Science,2026-05,1,1,"[하이닥] 연세대, 우울증 치료하는 '콘택트렌즈' 개발… ""항우울제 수준 효과 입...",https://news.hidoc.co.kr/news/articleView.html?idxno=62462,,,
항우울제,우울,The Lancet,2025-10,1,1,[헬스조선] ‘항우울제 복용하면 살 찐다’는 걱정에 약 피했는데… 다행인 소식 나...,https://health.chosun.com/site/data/html_dir/2025/10/23/2025102303891.html,,,
항우울제,우울,Science,2025-08,1,1,"[조선비즈] 항우울제 효과 느린 이유, 뇌 신호 스위치서 찾았다",https://biz.chosun.com/science-chosun/science/2025/08/02/5H2SP2MAHZAWHG2YL4MM7IBF7Q,,,
항우울제,우울,Nature,2024-05,1,1,"[www.whosaeng.com] 산후 우울증, GR 길항제가 SSRIs 계열 항우울제보다 낫다?",http://www.whosaeng.com/152066,,,
항우울제,우울,Nature,2023-10,1,1,"[메디칼타임즈] 케타민 항우울제 효과는 거짓? ""철저한 맹검 땐 결과 달라""",https://www.medicaltimes.com/Main/News/NewsView.html?ID=1156008&ref=naverpc,,,
항우울제,우울,JAMA,2023-10,1,1,"[조선일보] 진통제·항우울제 복용 노인, 운전 미숙 위험 크다",https://www.chosun.com/medical/2023/10/17/IP6FPDZMMZGM5AZWQUH4DBDID4,,,
항우울제,인지,JAMA,2023-10,1,1,"[조선일보] 진통제·항우울제 복용 노인, 운전 미숙 위험 크다",https://www.chosun.com/medical/2023/10/17/IP6FPDZMMZGM5AZWQUH4DBDID4,,,
항우울제,우울,Neurology,2017-03,1,1,[메디칼업저버] 항우울제 복용 30일내 두개내 출혈 위험↑,http://www.monews.co.kr/news/articleView.html?idxno=98788,,,
항우울제,우울,JAMA,2017-03,1,1,[메디칼업저버] 항우울제 복용 30일내 두개내 출혈 위험↑,http://www.monews.co.kr/news/articleView.html?idxno=98788,,,
항우울제,출혈,Neurology,2017-03,1,1,[메디칼업저버] 항우울제 복용 30일내 두개내 출혈 위험↑,http://www.monews.co.kr/news/articleView.html?idxno=98788,,,
항우울제,출혈,JAMA,2017-03,1,1,[메디칼업저버] 항우울제 복용 30일내 두개내 출혈 위험↑,http://www.monews.co.kr/news/articleView.html?idxno=98788,,,
항우울제,우울,Neurology,2016-01,1,1,"[메디칼업저버] 항우울제, 뇌 미세출혈 위험 주위보",http://www.monews.co.kr/news/articleView.html?idxno=88745,,,
항우울제,출혈,Neurology,2016-01,1,1,"[메디칼업저버] 항우울제, 뇌 미세출혈 위험 주위보",http://www.monews.co.kr/news/articleView.html?idxno=88745,,,
항우울제,우울,JAMA,2023-09,1,1,"[메디칼타임즈] 산모의 항우울제 SSRI 사용, 신생아 뇌 발달에 영향",https://www.medicaltimes.com/Main/News/NewsView.html?ID=1155413&ref=naverpc,,,
항우울제,우울,JAMA,2022-02,1,1,[메디칼타임즈] 항우울제 효과 높이려면? SSRI와 길항제 조합 최적,https://www.medicaltimes.com/Main/News/NewsView.html?ID=1145839&ref=naverpc,,,
항우울제,우울,JAMA,2020-09,1,1,"[메디칼타임즈] 우울증약 SSRI 당뇨병 유발 논란...""위험성 과장됐다""",http://www.medicaltimes.com/Users/News/NewsView.html?mode=view&ID=1135957&REFERER=NP,,,
항우울제,당뇨,JAMA,2020-09,1,1,"[메디칼타임즈] 우울증약 SSRI 당뇨병 유발 논란...""위험성 과장됐다""",http://www.medicaltimes.com/Users/News/NewsView.html?mode=view&ID=1135957&REFERER=NP,,,
항우울제,우울,JAMA,2026-05,1,1,"[www.ibabynews.com] ""임신 중 먹은 비타민D, 아이 기억력 좌우?""... 최근 연구들 살펴보니",https://www.ibabynews.com/news/articleView.html?idxno=151497,,,
항우울제,자폐,JAMA,2026-05,1,1,"[www.ibabynews.com] ""임신 중 먹은 비타민D, 아이 기억력 좌우?""... 최근 연구들 살펴보니",https://www.ibabynews.com/news/articleView.html?idxno=151497,,,
항우울제,우울,JAMA,2025-08,1,1,"[메디칼타임즈] 우울증 신약 기대주 추락하나…실로시빈, 타 약제 대비 효과↓",https://www.medicaltimes.com/Main/News/NewsView.html?ID=1164651&ref=naverpc,,,
항우울제,우울,Nature Medicine,2024-05,1,1,[이데일리] 2030년경 30조 시장 열릴 PTSD 치료 패러다임 바꿀 기업은?,http://www.edaily.co.kr/news/newspath.asp?newsid=03204566638894168,,,
항우울제,우울,NEJM,2023-10,1,1,"[메디칼타임즈] 치료 저항성 우울증에 에스케타민, 쿠에티아핀에 승기",https://www.medicaltimes.com/Main/News/NewsView.html?ID=1155665&ref=naverpc,,,
항우울제,우울,The Lancet,2023-07,1,1,[메디칼타임즈] 기대 높아진 전자약 'tDCS' 실제 약제와 시너지는 '전무',https://www.medicaltimes.com/Main/News/NewsView.html?ID=1154584&ref=naverpc,,,
ADHD약,자살,Science,2024-07,1,1,"[연합뉴스] [이지 사이언스] ""공부 잘하는 약으로 오용했다간 생명 위협도""",https://www.yna.co.kr/view/AKR20240719131600017?input=1195m,,,
ADHD약,ADHD,Science,2024-07,1,1,"[연합뉴스] [이지 사이언스] ""공부 잘하는 약으로 오용했다간 생명 위협도""",https://www.yna.co.kr/view/AKR20240719131600017?input=1195m,,,
ADHD약,간,Science,2024-07,1,1,"[연합뉴스] [이지 사이언스] ""공부 잘하는 약으로 오용했다간 생명 위협도""",https://www.yna.co.kr/view/AKR20240719131600017?input=1195m,,,
ADHD약,ADHD,JAMA,2026-03,1,1,"[헬스조선] 어릴 때 ADHD 약 쓰면, 성인기 중증 정신질환 위험 낮아",https://health.chosun.com/site/data/html_dir/2026/03/27/2026032702908.html,,,
ADHD약,자살,BMJ,2025-08,1,1,"[코메디닷컴] ADHD 치료제, 자살·범죄·약물남용 위험 낮춘다?",https://kormedi.com?p=2740943,,,
ADHD약,ADHD,BMJ,2025-08,1,1,"[코메디닷컴] ADHD 치료제, 자살·범죄·약물남용 위험 낮춘다?",https://kormedi.com?p=2740943,,,
ADHD약,암,The Lancet,2025-04,1,1,[메디칼타임즈] ADHD 치료제 혈압 영향 논란 실제 수치 변화 '미미',https://www.medicaltimes.com/Main/News/NewsView.html?ID=1163190&ref=naverpc,,,
ADHD약,ADHD,The Lancet,2025-04,1,1,[메디칼타임즈] ADHD 치료제 혈압 영향 논란 실제 수치 변화 '미미',https://www.medicaltimes.com/Main/News/NewsView.html?ID=1163190&ref=naverpc,,,
ADHD약,자살,JAMA,2024-03,1,1,"[www.nongmin.com] ADHD 치료제, 정신장애·자살 위험 줄여준다",https://www.nongmin.com/article/20240328500086,,,
ADHD약,우울,Science,2022-06,1,1,"[www.thedailypost.kr] ADHD 치료제, 아동·청소년 우울증 위험 높인다",http://www.thedailypost.kr/news/articleView.html?idxno=87749,,,
ADHD약,ADHD,Science,2022-06,1,1,"[www.thedailypost.kr] ADHD 치료제, 아동·청소년 우울증 위험 높인다",http://www.thedailypost.kr/news/articleView.html?idxno=87749,,,
ADHD약,ADHD,BMJ,2026-07,1,1,[헬스조선] 랄랄이 밝힌 금주 비결 ‘충동 억제제’… 부작용 없을까?,https://health.chosun.com/site/data/html_dir/2026/07/23/2026072302716.html,,,
ADHD약,간,BMJ,2026-07,1,1,[헬스조선] 랄랄이 밝힌 금주 비결 ‘충동 억제제’… 부작용 없을까?,https://health.chosun.com/site/data/html_dir/2026/07/23/2026072302716.html,,,
ADHD약,ADHD,JAMA,2025-06,1,1,"[팜뉴스] ADHD 약물 효과, 처방 늘자 일부 '약화' 확인됐다",https://www.pharmnews.com/news/articleView.html?idxno=261464,,,
ADHD약,자폐,Nature,2025-03,1,1,[서울신문] “임신부도 괜찮아요” 믿고 먹은 ‘흔한 약’…ADHD 아이 출산 위험,https://www.seoul.co.kr/news/life/health-news/2025/03/06/20250306500205?wlog_tag3=naver,,,
ADHD약,ADHD,Nature,2025-03,1,1,[서울신문] “임신부도 괜찮아요” 믿고 먹은 ‘흔한 약’…ADHD 아이 출산 위험,https://www.seoul.co.kr/news/life/health-news/2025/03/06/20250306500205?wlog_tag3=naver,,,
ADHD약,ADHD,The Lancet,2025-09,1,1,"[www.mkhealth.co.kr] [매일건강뉴스] ""OO이 귀를 망친다고요?"" 많이 먹으면 난청 위험 커져…...",http://www.mkhealth.co.kr/news/articleView.html?idxno=75385,,,
ADHD약,간,The Lancet,2025-09,1,1,"[www.mkhealth.co.kr] [매일건강뉴스] ""OO이 귀를 망친다고요?"" 많이 먹으면 난청 위험 커져…...",http://www.mkhealth.co.kr/news/articleView.html?idxno=75385,,,
ADHD약,ADHD,JAMA,2024-02,1,1,"[아시아경제] '공부 잘하는 약' 속설 ADHD치료제, 아이 심혈관질환 일으킨다",https://view.asiae.co.kr/article/2024022317302551787,,,
ADHD약,자폐,The Lancet,2026-01,1,1,"[하이닥] ""임신 중 타이레놀, 자폐·ADHD 무관""… 트럼프 주장 정면 반박",https://news.hidoc.co.kr/news/articleView.html?idxno=57918,,,
ADHD약,ADHD,The Lancet,2026-01,1,1,"[하이닥] ""임신 중 타이레놀, 자폐·ADHD 무관""… 트럼프 주장 정면 반박",https://news.hidoc.co.kr/news/articleView.html?idxno=57918,,,
ADHD약,ADHD,Nature,2025-12,1,1,[매일경제] “아이 ADHD치료 ‘공부약’ 괜찮을까요”…자극제 대체할 길 열렸다는...,https://www.mk.co.kr/article/11505685,,,
ADHD약,ADHD,Science,2025-12,1,1,[매일경제] “아이 ADHD치료 ‘공부약’ 괜찮을까요”…자극제 대체할 길 열렸다는...,https://www.mk.co.kr/article/11505685,,,
ADHD약,ADHD,Nature,2025-04,1,1,[조선일보] “눈 사진만으로 ADHD 판정”... 진단 정확도 96.9% AI 개발,https://www.chosun.com/national/welfare-medical/2025/04/21/XNSIHEDWK5C73CWMFBSA4T5XFY,,,
ADHD약,암,Journal of Clinical Psychiatry,2023-10,1,1,"[조선일보] 수면장애 치료제 솔리암페톨, 성인ADHD 치료제 가능성 확인",https://www.chosun.com/medical/2023/10/10/FDCPTW4A55BWPND2EP2VE3FNSY,,,
ADHD약,ADHD,Journal of Clinical Psychiatry,2023-10,1,1,"[조선일보] 수면장애 치료제 솔리암페톨, 성인ADHD 치료제 가능성 확인",https://www.chosun.com/medical/2023/10/10/FDCPTW4A55BWPND2EP2VE3FNSY,,,
ADHD약,사망,JAMA,2024-03,1,1,"[www.nongmin.com] ADHD, 치료하면 ‘사망 위험’ 낮아진다",https://www.nongmin.com/article/20240314500082,,,
벤조디아제핀,치매,BMJ,2016-02,1,1,[메디칼업저버] 벤조디아제핀 치매위험과 거리멀다,http://www.monews.co.kr/news/articleView.html?idxno=89145,,,
벤조디아제핀,인지,Science,2026-04,1,1,"[매일경제] 밤마다 뒤척이는 당신의 뇌, 지금 쓰레기로 가득 차고 있다 [지창대의 ...",https://www.mk.co.kr/article/12010228,,,
벤조디아제핀,사망,NEJM,2019-01,1,1,[메디칼타임즈] 벤조디아제핀 남용 우려 속 10년간 처방 급증,http://www.medicaltimes.com/Users/News/NewsView.html?mode=view&ID=1124120&REFERER=NP,,,
벤조디아제핀,간,NEJM,2019-01,1,1,[메디칼타임즈] 벤조디아제핀 남용 우려 속 10년간 처방 급증,http://www.medicaltimes.com/Users/News/NewsView.html?mode=view&ID=1124120&REFERER=NP,,,
벤조디아제핀,사망,NEJM,2019-04,1,1,[메디칼타임즈] 양날의 검 '벤조디아제핀' 되풀이되는 안전성 문제,http://www.medicaltimes.com/Users/News/NewsView.html?mode=view&ID=1125719&REFERER=NP,,,
벤조디아제핀,사망,NEJM,2018-02,1,1,[메디칼타임즈] '벤조디아제핀' 사망 사고 10년 간 7배 증가,http://www.medicaltimes.com/News/1117077,,,
벤조디아제핀,간,NEJM,2018-02,1,1,[메디칼타임즈] '벤조디아제핀' 사망 사고 10년 간 7배 증가,http://www.medicaltimes.com/News/1117077,,,
벤조디아제핀,우울,JAMA,2025-09,1,1,[메디칼타임즈] 한계 명확한 불안장애 치료 시장…새 기전 LSD 기대감,https://www.medicaltimes.com/Main/News/NewsView.html?ID=1165155&ref=naverpc,,,
벤조디아제핀,간,Science,2025-09,1,1,[헬스조선] 잠 못 자는 한국인… 코로나 기간 ‘수면제’ 처방량 늘었다,https://health.chosun.com/site/data/html_dir/2025/09/01/2025090103073.html,,,
벤조디아제핀,당뇨,JAMA,2024-08,1,1,[메디칼타임즈] 또 터진 GLP-1 자살 논란…세마글루타이드만 '덜미',https://www.medicaltimes.com/Main/News/NewsView.html?ID=1160188&ref=naverpc,,,
벤조디아제핀,우울,JAMA,2024-08,1,1,[약사공론] '위고비' 자살 충동 부작용…'삭센다'는 괜찮을까?,https://www.kpanews.co.kr/article/show.asp?idx=252775&category=D,,,
벤조디아제핀,자살,JAMA,2019-10,1,1,"[메디칼타임즈] ARB 계열 고혈압약 자살 위험 63% 증가? ""확대해석 금물""",http://www.medicaltimes.com/Users/News/NewsView.html?mode=view&ID=1129690&REFERER=NP,,,
벤조디아제핀,간,Neurology,2021-05,1,1,"[www.newsmp.com] 아주대병원 연구팀, 타액 통한 전신홍반루프스 진단ㆍ평가 방법 개발 外",http://www.newsmp.com/news/articleView.html?idxno=214861,,,
벤조디아제핀,간,JAMA,2021-05,1,1,"[www.newsmp.com] 아주대병원 연구팀, 타액 통한 전신홍반루프스 진단ㆍ평가 방법 개발 外",http://www.newsmp.com/news/articleView.html?idxno=214861,,,
벤조디아제핀,간,Neurology,2019-10,1,1,"[서울경제] ""조울증 환자, 파킨슨병 위험 최대 7배 높다""",https://www.sedaily.com/NewsView/1VPJLU9CR2,,,
벤조디아제핀,간,JAMA,2019-10,1,1,"[서울경제] ""조울증 환자, 파킨슨병 위험 최대 7배 높다""",https://www.sedaily.com/NewsView/1VPJLU9CR2,,,
벤조디아제핀,간,JAMA,2024-07,1,1,[조선비즈] [인터뷰] “차태현 고백 덕분에 정신과 문턱 낮아져…좋은 베르테르 효...,https://biz.chosun.com/science-chosun/medicine-health/2024/07/13/KYQGUIJAENH2RP2JQ5QM5EMUFA,,,
항생제,당뇨,NEJM,2006-03,1,1,[n.news.naver.com] ‘가티플로’ 치명적 당뇨 부작용…타 항생제 비해 중증 당뇨 위험 17배...,https://n.news.naver.com/mnews/article/143/0000016586?sid=103,,,
항생제,인지,JAMA,2026-10,1,1,"[메디칼업저버] 암 환자 생애말기 항생제 처방, 오히려 '증가'",https://www.monews.co.kr/news/articleView.html?idxno=414312,,,
항생제,간,JAMA,2026-02,1,1,"[팜뉴스] '국가 항생제 적정사용(ASP)' 모델, JAMA 게재",https://www.pharmnews.com/news/articleView.html?idxno=301265,,,
경구피임약,심근경색,The Lancet,2026-07,1,1,[코메디닷컴] 가임기 女에게 흔한 ‘이 증상’⋯방치하면 심근경색 위험 높아진다?,https://kormedi.com?p=2836767,,,
경구피임약,암,BMJ,2026-04,1,1,[코메디닷컴] “울적한데 딱 한잔만?”… 중년 여성 유방암 위험 높이는 생활습관,https://kormedi.com?p=2803476,,,
경구피임약,치매,The Lancet,2024-06,1,1,[www.newsway.co.kr] GLP-1 '적응증 확대' 도전…다낭성 난소 증후군에 치매까지?,https://www.newsway.co.kr/news/view?ud=2024062817062843715,,,
경구피임약,암,Science,2023-10,1,1,"[www.newsmp.com] 암젠코리아, 세계 골다공증의 날 맞아 '골(骨)든하우스 캠페인' 전개 外",http://www.newsmp.com/news/articleView.html?idxno=237096,,,
경구피임약,간,Science,2023-10,1,1,"[www.newsmp.com] 암젠코리아, 세계 골다공증의 날 맞아 '골(骨)든하우스 캠페인' 전개 外",http://www.newsmp.com/news/articleView.html?idxno=237096,,,
경구피임약,뇌졸중,Neurology,2023-02,1,1,[www.nongmin.com] 여성호르몬에 더 많이 노출되면 ‘뇌졸중’ 위험↓,https://www.nongmin.com/article/20230202500083,,,
경구피임약,간,Neurology,2023-02,1,1,[www.nongmin.com] 여성호르몬에 더 많이 노출되면 ‘뇌졸중’ 위험↓,https://www.nongmin.com/article/20230202500083,,,
경구피임약,간,JAMA,2026-06,1,1,[www.sportschosun.com] 피임약 먹으면 폭식 위험 증가?…'감정적 식사' 가능성 제기,https://www.sportschosun.com/life/2026-06-18/202606180100124450008080,,,
경구피임약,암,JAMA,2025-10,1,1,"[www.sportschosun.com] ""일부 호르몬 피임약, 유방암 위험 20% 증가""…비교적 안전한 약은?",https://www.sportschosun.com/life/2025-10-31/202510310100202310027346,,,
경구피임약,암,The Lancet,2025-07,1,1,"[헬스조선] 150만 명 연구 결과… 피임약, ‘간암’ 유발했다? 안 했다?",https://health.chosun.com/site/data/html_dir/2025/07/04/2025070402843.html,,,
경구피임약,간,The Lancet,2025-07,1,1,"[헬스조선] 150만 명 연구 결과… 피임약, ‘간암’ 유발했다? 안 했다?",https://health.chosun.com/site/data/html_dir/2025/07/04/2025070402843.html,,,
경구피임약,간,Nature,2023-04,1,1,"[www.dongascience.com] 정자 변형시키는 유전자 확인…""남성용 피임약 개발 활용""",https://www.dongascience.com/news/view/59457,,,
경구피임약,간,The Lancet,2026-05,1,1,[www.newscj.com] 세계 연구진 14년 노력… 이름 바뀐 다낭성난소증후군,https://www.newscj.com/news/articleView.html?idxno=3401401,,,
이부프로펜,출혈,BMJ,2018-09,1,1,"[메디칼업저버] 진통제 '디클로페낙', 심혈관질환 위험 '꼬리표' 붙나",http://www.monews.co.kr/news/articleView.html?idxno=118722,,,
이부프로펜,자폐,JAMA Internal Medicine,2026-07,1,1,[헬스조선] ‘타이레놀 자폐·ADHD 유발’ 논란 종결? “관련 없음” 확인,https://health.chosun.com/site/data/html_dir/2026/07/02/2026070202759.html,,,
이부프로펜,자폐,JAMA,2026-07,1,1,[헬스조선] ‘타이레놀 자폐·ADHD 유발’ 논란 종결? “관련 없음” 확인,https://health.chosun.com/site/data/html_dir/2026/07/02/2026070202759.html,,,
이부프로펜,ADHD,JAMA Internal Medicine,2026-07,1,1,[헬스조선] ‘타이레놀 자폐·ADHD 유발’ 논란 종결? “관련 없음” 확인,https://health.chosun.com/site/data/html_dir/2026/07/02/2026070202759.html,,,
이부프로펜,ADHD,JAMA,2026-07,1,1,[헬스조선] ‘타이레놀 자폐·ADHD 유발’ 논란 종결? “관련 없음” 확인,https://health.chosun.com/site/data/html_dir/2026/07/02/2026070202759.html,,,
이부프로펜,자폐,JAMA,2026-04,1,1,"[하이닥] 임신 중 타이레놀 복용, 자폐증 발병과 무관...아동 150만 명 분석 결과",https://news.hidoc.co.kr/news/articleView.html?idxno=61146,,,
이부프로펜,출혈,JAMA,2026-04,1,1,"[하이닥] 임신 중 타이레놀 복용, 자폐증 발병과 무관...아동 150만 명 분석 결과",https://news.hidoc.co.kr/news/articleView.html?idxno=61146,,,
이부프로펜,간,JAMA,2026-02,1,1,"[약업신문] 미국, ‘톱 20’ 다빈도 의약품..진통제가 4강 독식",https://www.yakup.com/news/index.html?mode=view&cat=16&nid=323588,,,
이부프로펜,암,JAMA,2025-08,1,1,[팜뉴스] 세계 필수 의약품 숨겨진 불평등… 빈곤국 환자들 더 큰 고통,https://www.pharmnews.com/news/articleView.html?idxno=262668,,,
이부프로펜,알츠하이머,Neurology,2025-03,1,1,"[팜뉴스] 알츠하이머 신약 '도나네맙', 부작용 리스크는?",https://www.pharmnews.com/news/articleView.html?idxno=258319,,,
이부프로펜,알츠하이머,JAMA,2025-03,1,1,"[팜뉴스] 알츠하이머 신약 '도나네맙', 부작용 리스크는?",https://www.pharmnews.com/news/articleView.html?idxno=258319,,,
이부프로펜,심장,JAMA,2020-07,1,1,"[yna.kr] ""미숙아 심장기형 '동맥관 개존증', 보존적 치료만으로 충분""",http://yna.kr/AKR20200707061100017?did=1195m,,,
이부프로펜,기형,JAMA,2020-07,1,1,"[yna.kr] ""미숙아 심장기형 '동맥관 개존증', 보존적 치료만으로 충분""",http://yna.kr/AKR20200707061100017?did=1195m,,,
이부프로펜,암,Nature,2026-08,1,1,[데일리안] 항암제·소염진통제까지 ‘편집’…신약 후보물질 탐색 효율 확대,https://www.dailian.co.kr/news/view/1678771?sc=Naver,,,
이부프로펜,간,Nature,2026-08,1,1,[데일리안] 항암제·소염진통제까지 ‘편집’…신약 후보물질 탐색 효율 확대,https://www.dailian.co.kr/news/view/1678771?sc=Naver,,,
이부프로펜,간,Neurology,2026-07,1,1,[www.doctorstimes.com] [병원계 소식] 7월 21일,http://www.doctorstimes.com/news/articleView.html?idxno=239120,,,
이부프로펜,우울,JAMA,2023-10,1,1,"[조선일보] 진통제·항우울제 복용 노인, 운전 미숙 위험 크다",https://www.chosun.com/medical/2023/10/17/IP6FPDZMMZGM5AZWQUH4DBDID4,,,
이부프로펜,심장,The Lancet,2007-08,1,1,[파이낸셜뉴스] 소염진통제로 심혈관 협착 치료한다,http://www.fnnews.com/view?ra=Sent0901m_01A&corp=fnnews&arcid=00000921077026&cDateYear=2007&cDateMonth=08&cDateDay=17,,,
이부프로펜,간,Science,2022-05,1,1,[www.whosaeng.com] 소염제 쓰면 통증 오래간다,http://www.whosaeng.com/136027,,,
이부프로펜,사망,BMJ,2004-07,1,1,[연합뉴스] <의학> 약 부작용으로 영국서만 매년 1만명 사망,https://n.news.naver.com/mnews/article/001/0000691685?sid=104,,,
이부프로펜,기형,BMJ,2023-03,1,1,[매일경제] “임신 중 소염진통제 주의해야…기형·저체중아 위험 높여”,https://www.mk.co.kr/article/10682412,,,
이부프로펜,암,NEJM,2025-09,1,1,"[www.sportschosun.com] ""아스피린, 특정 대장암 환자 재발 위험 55%까지 낮춰""",https://www.sportschosun.com/life/2025-09-19/202509190100142950021766,,,
항히스타민제,심장,Science,2026-04,1,1,"[www.ggmedinews.com] [의료 연구 브리프] 고령자 약물 장기 복용 골절 / 지방간, 심장혈관 위...",http://www.ggmedinews.com/news/articleView.html?idxno=6392,,,
항히스타민제,골절,Science,2026-04,1,1,"[www.ggmedinews.com] [의료 연구 브리프] 고령자 약물 장기 복용 골절 / 지방간, 심장혈관 위...",http://www.ggmedinews.com/news/articleView.html?idxno=6392,,,
항히스타민제,암,Science,2026-04,1,1,"[www.incheontoday.com] 가천대 약학대학 심원식 교수팀, 마약성 진통제 가려움 원인 규명",https://www.incheontoday.com/news/articleView.html?idxno=317295,,,
항히스타민제,간,Neurology,2026-10,1,1,"[www.pressman.kr] AI부터 백신·세포치료까지… K바이오, 신사업 영토 넓힌다",https://www.pressman.kr/news/articleView.html?idxno=103858,,,
항히스타민제,간,Science,2026-09,1,1,[세계일보] 바퀴벌레가 사람 구한다고?…호주서 구조용 ‘사이보그 곤충’ 개발,https://www.segye.com/newsView/20260911509304?OutUrl=naver,,,
스테로이드,암,JAMA,2026-07,1,1,[www.ggmedinews.com] [의료 연구 브리프] 항암 후 유방 미세석회 / 세마글루타이드와 성인발...,http://www.ggmedinews.com/news/articleView.html?idxno=6684,,,
스테로이드,당뇨,JAMA,2025-11,1,1,"[www.newstnt.com] 성균관대 연구팀, 경구 스테로이드제 사용과 임신성 당뇨 연관성 '유의...",http://www.newstnt.com/news/articleView.html?idxno=558922,,,
스테로이드,간,Nature,2026-08,1,1,"[www.thefairnews.co.kr] ""스테로이드 부작용 줄이고 효능 높였다""…GC녹십자웰빙 '라이넥주' 국제...",https://www.thefairnews.co.kr/news/articleView.html?idxno=85069,,,
스테로이드,암,Neurology,2026-07,1,1,[www.ggmedinews.com] [의료 연구 브리프] 항암 후 유방 미세석회 / 세마글루타이드와 성인발...,http://www.ggmedinews.com/news/articleView.html?idxno=6684,,,
스테로이드,간,Neurology,2026-07,1,1,[www.ggmedinews.com] [의료 연구 브리프] 항암 후 유방 미세석회 / 세마글루타이드와 성인발...,http://www.ggmedinews.com/news/articleView.html?idxno=6684,,,
스테로이드,간,Gut,2026-05,1,1,"[www.newsprime.co.kr] 파미셀, 동종 줄기세포 활용 연구서 '간 손상 완화'와 '섬유화 개선' 확...",http://www.newsprime.co.kr/news/article.html?no=734920,,,
스테로이드,당뇨,JAMA Internal Medicine,2025-11,1,1,"[www.newstnt.com] 성균관대 연구팀, 경구 스테로이드제 사용과 임신성 당뇨 연관성 '유의...",http://www.newstnt.com/news/articleView.html?idxno=558922,,,
스테로이드,간,JAMA Internal Medicine,2025-12,1,1,[www.womennews.co.kr] 임신 중 스테로이드 괜찮나...수십만 불안 해소한 여성 과학자,https://www.womennews.co.kr/news/articleView.html?idxno=270599,,,
스테로이드,간,JAMA,2025-12,1,1,[www.womennews.co.kr] 임신 중 스테로이드 괜찮나...수십만 불안 해소한 여성 과학자,https://www.womennews.co.kr/news/articleView.html?idxno=270599,,,
스테로이드,당뇨,JAMA Internal Medicine,2025-12,1,1,[www.womennews.co.kr] 임신 중 스테로이드 괜찮나...수십만 불안 해소한 여성 과학자,https://www.womennews.co.kr/news/articleView.html?idxno=270599,,,
스테로이드,당뇨,JAMA,2025-12,1,1,[www.womennews.co.kr] 임신 중 스테로이드 괜찮나...수십만 불안 해소한 여성 과학자,https://www.womennews.co.kr/news/articleView.html?idxno=270599,,,
멜라토닌,심장,Science,2025-11,1,1,[서울신문] 숙면 위해 멜라토닌 오래 먹었다간 심장병 걸린다 [달콤한 사이언스],https://www.seoul.co.kr/news/plan/science-story/2025/11/07/20251107500324?wlog_tag3=naver,,,
멜라토닌,간,Science,2025-11,1,1,[서울신문] 숙면 위해 멜라토닌 오래 먹었다간 심장병 걸린다 [달콤한 사이언스],https://www.seoul.co.kr/news/plan/science-story/2025/11/07/20251107500324?wlog_tag3=naver,,,
멜라토닌,사망,Science,2025-11,1,1,[서울신문] 숙면 위해 멜라토닌 오래 먹었다간 심장병 걸린다 [달콤한 사이언스],https://www.seoul.co.kr/news/plan/science-story/2025/11/07/20251107500324?wlog_tag3=naver,,,
멜라토닌,간,Science,2026-08,1,1,[헬스조선] 체리·바나나 말고도… 잠 못 자는 사람들 먹으면 좋은 ‘과일’,https://health.chosun.com/site/data/html_dir/2026/08/28/2026082801782.html,,,
